driver_id,driver_name,age,gender,city_id,vehicle_type,avg_driver_rating,total_rides,total_earnings,driver_status,employment_type,years_of_experience,ride_acceptance_rate
7f69a8b5-dac4-41b4-8151-d3b43dca077b,Jack Smith,31,male,b25b9b1f-1dd8-4f94-bf9c-e31894fb1179,car,4.963068510289519,4969,7138.716234412633,inactive,full-time,7,91.85161167848852
5a8095f0-c17b-4ef5-af99-0dfb12be50ba,Bryan Gonzalez,63,female,4709dea2-b2ac-45cb-9d8c-817511ada331,car,1.2617246088786258,4583,12459.85388903324,suspended,full-time,3,81.80888704803003
9a8656e0-8732-4018-9acd-6f414e4c145f,Katelyn Fitzpatrick,64,male,1aee75b9-ec7a-4d10-bdf5-e91ba5ce3559,van,1.9128778152050396,4196,3960.993944896986,suspended,full-time,10,79.26599708474149
395890e1-c72a-4d08-ad6d-fe67878a66e9,Parker Gilbert,59,male,07b3d26b-8c4f-4148-9a41-00c66813244c,car,2.052263852046378,58,32063.92419833014,suspended,full-time,13,97.64957501892668
4712d10b-aacb-463c-84ac-2f7b11e35a5f,Joseph Scott,43,female,6f049b7e-5ff6-4c42-af33-c700ffdafc6b,car,6.391592607705939,4665,34616.09351305045,inactive,full-time,16,51.00961570911136
,Jacob Reed,62,female,6b566d40-f87c-42b6-aad2-81d3d021247e,car,2.526926645731775,1119,22239.874554586448,inactive,full-time,15,84.82927389757889
c2ce1ac7-cf8b-497c-aff6-1acb01107c83,Christie Rosario,53,male,0353495e-6e8c-4f05-8945-55474a0a5630,van,3.5956486969118515,1484,44357.600488850425,suspended,full-time,8,99.48901797070184
50963c14-84cf-48fc-a558-21bc11f8380a,Samantha Brown,53,female,1272a38c-e6a4-42f1-a8b9-b3ad0d37ed38,bike,3.757095964296507,4183,10107.83874513099,suspended,part-time,2,80.40481418969759
91444cae-3c2e-4116-91f1-33ee24954002,Richard Costa,40,female,447eef7d-1681-41e1-8a66-243bbe095e5b,car,4.946371588540937,1421,26968.79361557813,inactive,full-time,13,70.72980308566154
83ca0b76-eb5f-4688-a8d2-a42a832d1507,Craig Jones,28,male,e8615367-1226-4299-ae69-97c469ef39c0,van,4.072067253730255,3750,8984.707503092817,suspended,full-time,1,89.22970224980381
0e3c5457-cd1e-4e45-97a3-fdc3f4087178,Jonathan Weber,44,female,d3c2126d-7e13-4ec9-abd7-c7a23bc3400a,van,1.272935449594792,2902,6543.642435715112,suspended,full-time,10,65.89199092657569
1d9a38c6-b57d-4872-8d84-683bac0644bf,James Cole,28,female,2a42fbcf-af51-4373-ba40-8a220fadc748,bike,3.5191684129687206,609,39473.9484106742,active,full-time,1,70.32823967180752
7fb950e0-3b20-477b-a584-6b683f0c6f31,Megan Jackson,57,male,1c34587a-5144-4c1f-9664-311ef0309ab9,van,3.929150140334504,2539,48976.84416934409,suspended,independent contractor,10,85.26316878562773
,Taylor Vasquez,62,male,4df5eb12-2901-4bbe-b8c5-5ee9be0f363c,bike,3.240436481494257,1289,32795.504354258504,active,independent contractor,15,82.7977261579326
df5b2926-4890-4b5b-ac5d-ac7354feacad,Sharon Ramos MD,39,male,a017aa43-2aac-4b5f-85a7-0471616ced3f,bike,3.393249180127764,3506,38509.89458073364,suspended,full-time,15,58.50584628053909
800adb2d-d19f-462d-a88f-f248fb530593,John Bryant,34,male,5fd7df36-cb75-48bd-a357-9d0df4b983f2,van,2.122976355687881,4110,22843.68180340295,suspended,independent contractor,6,96.15377907026289
7113b6d3-6d34-495d-b8c3-30b785c263fc,Kristin Wolfe,26,female,80292508-dd59-4b9b-a0ce-111770cfc9d1,van,2.236727024576274,1640,1317.6423448241676,suspended,full-time,17,88.50552597021212
a69118b8-7ac0-4d53-9adb-9e2c90b3251f,Christine Delgado,37,male,0b15a2b0-4ab5-4e1c-a5bd-c4c404dd1aa7,bike,1.111189071355328,159,25296.26463096366,inactive,independent contractor,1,88.07925982168672
dd23535f-0639-41d0-bb32-ca61b44e0c59,James Moody,32,female,04dc5ddc-2915-44c8-b138-9c249b894561,van,4.061109067591204,2688,12325.87035554552,inactive,independent contractor,18,55.88960635793746
90097cbe-1e92-481f-81e2-5ac0d6e53f26,Shawn Gaines,26,male,a3ceee3a-c8c8-4ffd-a395-fdf5d8272e52,bike,4.410192404387342,2950,26409.17017262048,active,part-time,2,95.12165886030292
feb60426-5ba5-40e3-a45a-316621a950df,Henry Kirk,42,female,c8045f1e-f584-46d0-9786-5c74e19fb83d,van,2.8385087367887505,4877,23963.655875642748,inactive,part-time,14,97.1700421923449
8fae5cae-c45d-4640-9289-0d396dc04c66,Travis Carroll,59,male,ae93aca9-48c3-4585-a3b1-e7c3cffe6d7c,car,3.328502186035743,2669,11856.12615898115,suspended,part-time,8,50.64381100288326
1cbe0244-967c-459f-83d3-590a4bf283a5,Linda Molina,38,female,99941dbe-9e47-4a52-82bd-67b1401d1061,car,3.938111741342395,1340,23057.75358688621,inactive,independent contractor,9,96.12985698651542
7979a04d-1dbb-4e34-b1ad-9b37ed040b2d,Daniel Contreras,50,male,768eafff-db26-46a6-b9d2-735648683a97,car,2.3983719018996443,3179,41936.145164253394,suspended,part-time,15,75.56651022015623
da85f0e8-be8d-4856-9cfd-354e03427cc9,Elizabeth Donaldson,49,male,89984928-b8f3-4b0a-b9d8-33075accd6ac,van,3.512759336584275,1721,2800.324911072222,suspended,independent contractor,14,95.80221220987276
5dd036f8-5ede-4015-a233-365243c9208f,Patrick Garrett,30,female,307e23f9-fb09-4ab2-b4e8-ba52aa1db0bf,car,3.3228250272407034,4259,4521.955104806848,inactive,full-time,8,84.4126645324719
c81951c5-4915-4570-9447-cbfcedd99b04,Melissa Harvey DVM,48,male,c02ac140-68d2-4ddb-a9cd-954b19775591,bike,1.3847774537242108,1884,14358.462301624915,active,part-time,19,50.49868843256122
9de3cee7-d055-4666-96d4-78b55f425bbe,Russell Watson,25,female,c698a84a-2aa9-4709-abfe-327cfea68904,bike,3.3021855964270057,2159,2427.169436712817,suspended,independent contractor,3,74.3835049913001
4b04ffed-3c3d-4f04-bee8-ea651bfbe335,Jesse Love,54,female,0f914826-77de-41b5-9c88-e0ea4c44a200,car,2.3813312910696545,3077,10340.705550054909,suspended,full-time,12,86.72061570477382
4b5714fa-0620-4faf-adbc-cd5a2e2e2a2c,Daniel Weber,28,male,77e5f9dd-210a-47c1-a3a8-c1020e40b497,bike,4.301580479499859,2496,34708.59342215913,active,part-time,5,95.7369611219263
9ddb9fad-a743-468e-bb6c-9b1c0f77a1ee,Meghan Ewing,43,male,36bba8c3-cae3-453e-85e7-1adebebed1d9,bike,2.8063616813439043,1361,11538.505871647203,suspended,part-time,10,94.99360361534627
ab8aa950-f1a7-47b3-8045-97e671048e32,David Williams,27,male,21bea06d-77c5-4146-bd75-48625790659d,bike,1.2198404471125053,1979,7073.293066806142,suspended,independent contractor,12,74.82051524759652
671a7007-9033-45d1-96f5-c9f94e5f60cd,Christina Moran,50,male,83f0baf8-81db-446f-a9d1-572c12ecddcd,van,3.7941850764583855,4140,43981.965484848864,inactive,independent contractor,11,97.51597771388052
331a8e5d-c468-4621-b7fc-e497063fa4a1,Anita Schmidt,28,female,7bc4db64-92fc-4a72-b829-3541c6bb3e80,car,3.4246247037513755,3363,28871.708197356373,active,full-time,15,85.28521677676274
3b7b10fb-73b9-47a7-a9ee-7a42e337a044,Timothy Roberts,34,female,61d36b89-050a-459c-9238-0dbc5d3ac7a0,car,1.404747726027852,4133,40686.6525991823,suspended,part-time,9,57.51975992271933
b3ebf450-f3a2-4af7-a8b0-97a24c0bc10f,Patrick Townsend PhD,64,female,7e169a90-287e-4518-b39f-fc408c51b72f,van,4.760514578814595,226,4378.241152226257,suspended,independent contractor,6,69.17394293823637
2d4c4315-877c-4a83-98c1-275b3f081a7a,Cheryl Smith,39,male,46810395-daa7-4ecb-ac4f-ffc33f6a8e24,bike,1.5142724694836427,1218,23870.5489539801,active,independent contractor,10,70.18044568585056
b3d4f2b9-0f06-480e-a70c-5781378542c4,Jimmy Ward,25,female,6854a4d6-04d1-4e8a-873a-ab87a56716be,car,3.855886452536217,339,48125.45763619624,inactive,part-time,19,76.81221127875511
b0f988f5-2654-49a6-90ec-9f284bf045e8,Alexis Austin,49,female,84aae310-1fe7-47b7-9f3f-9710bdb147a5,van,3.505538381433212,2756,7241.010518378716,inactive,independent contractor,2,55.24812627665456
513ce36f-a99b-41a8-8321-610499a43702,Kyle Payne,27,male,d67e22ff-7992-4de5-8c71-f46ff5640029,bike,2.647272507721871,1237,32545.412824296734,inactive,part-time,1,98.82456296426074
59fc7c10-495a-4f77-abee-6294917fb3ab,Joseph Sanders,47,male,28f5fc1b-8953-4945-98ce-19a280642ecc,car,4.332042928132383,1041,19759.360324564692,active,full-time,13,56.1613359633678
fe64ebd4-358c-4920-a0bb-c1af97335d29,Allison Richardson,25,female,2b47ffeb-9589-497b-97c1-feb30f3687bf,bike,1.7896192434118356,4132,30052.998141663207,inactive,independent contractor,18,56.10821680592126
a07bf2e2-474e-4781-be06-65f5f8a4921c,Roger Russell,37,female,1b03e23f-5038-4083-98db-479d7871d3b6,bike,7.820205246319176,1981,30788.46029714656,inactive,full-time,19,93.23783451606212
07cda014-5ad0-4cb8-a16a-6d1d73be0759,Holly Turner,63,female,3401fa3a-e44a-461a-bf37-4c23af688b62,car,2.902324548981282,3992,24023.961827899955,active,part-time,12,81.83037934910381
6a736a5c-151c-42ae-a524-96e1c05ebbcb,Victor Gilmore,34,male,45406708-37a4-4a31-9e59-5f82fb2d1fb8,bike,1.6548203438291549,4673,12873.085786453785,inactive,full-time,10,70.61103374534159
c5eabf86-b848-4175-a612-138e9485c490,Sarah Hoffman,46,male,4b5d6f3a-ec20-4b38-a203-5d0369f4f117,bike,3.236559462103182,475,13687.810221654694,suspended,full-time,17,67.30469056125686
b7012d88-a26a-42d7-8580-17451013674c,Kenneth Barnes,39,male,7807aeb7-e3c6-4dc8-8b3f-d3a021c70f86,bike,2.61032637621235,3997,8596.411800456712,inactive,full-time,8,66.75140411484954
9d81f595-0132-41db-bae5-c0dd0c51d4cf,Dalton Barber,42,female,92b53abd-77d5-4d6c-a598-fa283773ee0e,car,3.1150660767980183,4490,47396.87970738624,active,independent contractor,6,63.0607743193631
0f173b2b-ddf0-4632-aae5-32962c1248f6,Michael Byrd,37,female,85c2b885-48ba-4b02-b495-b62ad1672e15,bike,8.01747540056525,4164,44399.65253051958,inactive,independent contractor,11,59.86818993129475
b0ae1287-02d4-4ba5-aaff-070ab34e3cbb,Michael Bates,30,male,911d8e62-0e37-484e-860d-27da5a559b5e,car,2.254498316834318,66,25895.81878220345,suspended,full-time,9,64.63930700602404
d8d186a6-f0b1-4dbc-8315-486a66d60931,Shawn Cruz,57,female,0f950150-45d0-4b72-b831-3980a8be6ffa,bike,1.7771966180733545,1933,20777.37308906364,inactive,independent contractor,8,86.783939996322
0d6533a8-31b2-435e-9eb5-8f241983bb3d,Cynthia Hardin,32,female,5411bd06-037f-4a2d-9518-240b343faaa5,car,3.968486115491181,2342,6609.083861808331,inactive,full-time,6,99.1599050186737
af47cef8-b191-45ba-940a-3efea2c82371,Veronica Jackson,48,female,95cb4ef3-ae44-4293-b11c-3f6eff5ab2c1,bike,4.306252287914044,1520,38660.04488940387,inactive,full-time,14,74.26205539173901
d3969d28-aa8b-4151-a770-2c16895aa656,Rachel Mercado,61,female,6ecbeb1f-98c2-4408-9c08-ed779b9db319,van,4.396691241704451,1243,16545.143309069783,suspended,full-time,18,75.50079610453787
85db9c7c-84fd-4cd2-805f-7bf08619f1b3,Rebecca Davis,35,female,901d676d-b098-49e7-a1f6-841c3130c047,bike,1.219091574418417,2756,41500.80868555054,active,independent contractor,4,79.92110759585889
,Emily Clark,29,female,688adbdc-b1e7-4996-a40e-08609bb0f641,car,4.440370920726721,1773,47398.7041442592,active,part-time,12,92.51749230220253
a8173588-21c0-4915-be32-23ea53c42274,Wendy Cantu,24,male,baf6a315-7142-4007-a9b2-6b2754a7fe07,car,1.9982023457191496,1425,3194.165175230247,inactive,independent contractor,4,63.30197692046737
,Steve Chase,47,male,1503b468-bd32-433d-81b4-01557d67d323,car,4.278042997289559,2959,24716.244870774102,suspended,part-time,8,54.44221663889034
fc20002b-e92e-4152-9368-69b96c3511a6,Mary Hamilton,22,female,698764ef-02c2-4705-b7e3-cb2b2ff0529e,car,4.421765177369005,2129,31752.172985665296,inactive,full-time,9,88.69933676457029
949de36f-ce2b-4c68-b68a-c751dbcb8867,Michael Thompson,21,female,2fd838d4-912a-4030-ac3a-da2be09c1844,bike,3.6258125720058687,2055,41332.89249411225,active,independent contractor,15,85.73858092443623
81afc7c3-46c1-4933-a8c0-c98812fd0171,Joseph Ryan,62,female,2006b784-4011-4065-8d69-69a51ee848e8,car,4.464473301454694,1126,14965.43902030701,suspended,independent contractor,13,52.78435355321695
bd9cdea1-368e-4df5-a1f3-c30747a7070f,Craig Smith,23,female,354531d2-7131-43dc-a195-4520dd2b0283,car,4.581828110956261,2479,4644.483550284673,suspended,full-time,4,60.26936643375766
8ae102fb-186e-48b6-b3c1-b4378ade5ded,Victoria Ruiz,45,male,2ec09f46-cbf1-4ddf-bdf0-6094265e7fdd,van,1.1046064756766785,3106,21476.46071763467,active,part-time,13,52.230439539467525
46de7d2a-f16e-41c2-bbbe-bdbe1f031e43,Heather Fernandez,32,female,68a65332-a86b-4cb1-990a-46037547a5de,van,6.544667037823971,4053,17723.49908749507,active,full-time,18,69.69090980281959
8a317894-4090-40ff-be27-5eb08a419adc,Timothy Martin,22,male,cb24fe7b-80a2-4d70-ba25-8d3bd1121266,car,4.405571564037796,2244,25510.56135324292,inactive,part-time,17,78.47002409505293
1f53e258-23db-4995-bba2-adeb4d14d14d,Christopher Jimenez,60,male,94d7d958-078f-4e24-8e46-aacd7782db26,van,1.6198839453887337,4171,12961.466322058734,inactive,part-time,11,91.13840337600963
6d933cd4-8461-4e32-bf50-72bab6c180fb,Steven Phillips,36,male,05f69852-cebf-4af6-bfe7-9c0150f618e4,bike,1.627272653611738,189,16662.32006092149,suspended,part-time,7,51.565668439748094
c6bc7e7c-7372-40ee-b94c-82a5111a59e2,Nicole Beard,41,male,f3a9f5b5-5333-4261-a63d-791fae7b32dc,car,2.025899017769483,1724,19635.20042780283,suspended,full-time,15,82.24842823488302
1d65655e-7851-429a-9d88-4f6cab08f930,Olivia Dean,26,female,65e09b68-0b2e-42c8-a74e-a1cbbdb109bc,car,3.018370329385577,4787,45695.42095714255,active,part-time,1,99.5189988998808
07113bd7-4110-48aa-85b3-b3d76fb1907f,Margaret Hart,30,male,679bfa5c-48bb-4584-b6e5-6affa509dd2f,car,6.1901234595786505,2101,16705.984841470465,active,full-time,12,81.2039291226902
e229e01c-655d-4d55-805f-c219e0acac6c,Justin Elliott,59,male,cecb2439-bf90-404b-81e3-cce9bbe3f8fc,van,2.993660373272627,4264,10163.503351767406,inactive,full-time,11,62.53950981120261
,Alexandra Dominguez,55,female,21482f6e-0b82-4c07-bd5b-ed21d2022b97,bike,2.1265525125350915,2671,11109.004949059654,inactive,independent contractor,17,59.5015650167381
f924cc6d-59c4-4725-bb71-a48cbc5b2318,Michelle Robinson,60,male,4938bd73-cb0a-4129-bfc3-3182491f11ee,van,3.8094639547991935,1461,19549.94862158279,active,full-time,9,66.40831288914299
180bbcf7-aefd-4171-badc-bf1648109c3c,Rebecca Taylor,60,female,5398165e-0333-4dee-90ba-d9e2ca9e7b8c,bike,9.493301652013432,2162,49046.3254231304,inactive,part-time,12,75.82990170897101
0a23a379-5d54-43e5-9f71-fd9054f94ecb,Anthony Kaiser,30,female,2e753e9d-02b7-4de0-bdb2-86cb69624082,bike,1.1264439360858345,1624,3371.989308556374,suspended,full-time,4,77.89084465294064
01dcc812-ed2e-4a05-8a31-8219b0983db9,Kristine Taylor,28,female,def5a896-bcf1-4fc0-b0b4-b40dbecdc951,van,2.451587750961578,3539,6693.011923924254,suspended,part-time,4,52.37097219668392
c97e93dc-bca1-4e32-915e-5856bedfb1af,Lauren Meyer,58,male,0d28cadc-8fd1-4110-bc2d-74b09735bcf2,car,2.7248555657449485,2809,36304.032596115314,inactive,independent contractor,17,99.15473582217534
fef63598-7e30-467d-9b1a-7482dcc249ce,Denise Watkins,33,female,5b4681c2-547d-4333-aa60-77bdd8218005,car,7.681543009237437,592,40566.013049136025,suspended,part-time,17,96.4068361432413
a2e96873-a638-46fc-914a-79bf1fd2e678,Haley Johnson,29,female,3d271e6d-982a-40ae-92e1-4f0e13945fea,bike,3.918676453930285,3664,49358.83740237764,active,full-time,2,90.31432098655202
1efd49df-84e7-4fe0-a876-2e95f891cfb1,Todd Patrick,49,male,251315be-5b1f-4bbf-9a44-6f84faf459a1,van,1.9484300020603604,704,26630.55982926851,suspended,full-time,11,86.11835197274891
a17dea47-3e5e-4b05-8a5e-822eb3e796b5,Tammy Lopez,64,female,1efbed5d-b452-47c7-bf50-74a933b18bb4,car,1.868357144178166,2448,45288.72872795264,suspended,independent contractor,7,90.61267391539032
83ab0298-bd1b-4602-a1a8-32cd7d0f10e6,Christian Tate,61,female,8fc02fc7-b5be-43ad-a47b-71b3fd9c6de9,bike,4.88678272195531,2992,30719.4491300392,inactive,full-time,8,87.91495303348887
4940ce1f-bf31-4f9c-a1c1-70b659f49dd1,Nathan Gonzalez,43,female,d0b47e2e-e944-4245-b6a9-f9bbbe108d0d,van,3.104998620837492,143,34242.20008304476,active,full-time,14,84.0439726455852
dea84f90-beec-4169-8771-6fc7849dc7ef,Carolyn Stewart,21,male,30a48574-ca04-4d7a-b756-f81e1031eb26,van,4.93605714491524,2280,12210.426990373084,active,part-time,19,90.6493121454586
f4ca66ae-39af-4fb5-bb23-4b39e923311d,Nicole Jarvis,43,female,6d969ba9-6984-43d4-95f6-cbb89ce16014,bike,2.942129768498569,4883,21335.21836010324,inactive,part-time,12,66.09015821120977
,Samuel Walker,30,female,f2b353a9-5a21-41fc-bdba-f8fdafa42ced,van,2.6946233083809323,3712,22343.320180398983,inactive,part-time,16,62.36493202175315
e3f73dcb-4f21-4081-8d80-ad280946d0e9,Danielle Stewart,28,male,f91f4b86-4324-4a6d-9107-f3349c9083d7,bike,1.910693127612056,2673,32898.25308716556,suspended,independent contractor,4,62.39794108186291
167a9f7b-efa7-438b-af83-25db1ab06a18,Danielle Wheeler,39,male,d115cccb-f6d8-4175-bf79-c0768e46a849,bike,4.6726340982741545,1879,38830.74450962501,inactive,independent contractor,11,94.7782872469201
b5c9f943-2d63-4354-90e6-748ea23a1341,Nicholas Thompson,43,male,82bb275f-6aa0-4522-877c-276c7a01c9bc,van,2.12575662152567,3399,10590.301573047398,inactive,part-time,3,54.43285378507814
7519dae8-89aa-47ca-a9c1-1455df38a146,Katie Martin,39,male,c9981bbf-acee-49c1-a9c4-ab228831d627,car,1.212622011010665,4454,19602.91922081668,active,independent contractor,15,91.45708622038008
dc64e5d4-2f9b-4dbe-a46e-3f5908f9519d,Tyler Williams,63,female,e30d85d9-a6e1-408e-b028-9447b9cde4b7,bike,4.913705251378797,2971,2203.668112575816,suspended,full-time,1,82.17539282907691
81e951f4-d6f5-4ff3-a33d-1a6a70e98a02,Roy Sandoval,54,female,5b530495-1f73-47cc-a56e-47a6e9942f19,van,4.81111222500624,3101,44631.56141805249,suspended,full-time,6,55.56490915317704
89a69f08-8ff7-44a5-be98-9d610c713008,Mark Williams,31,female,ba7794ef-3736-452c-9f25-fe41957735d4,car,3.370669676978775,1627,37806.72214668748,active,part-time,1,69.58317530009383
9d6d952b-dbb6-4663-ae87-d9da6b867885,Tyrone Smith,31,female,5417f634-a306-447c-b379-043f8eed1b72,bike,1.7457274158645713,3257,28481.4893204698,active,full-time,18,93.3162561913486
b5f42d63-5d9d-44da-bcf9-816e2ff9fca3,Kenneth Rodriguez,45,female,2bda1a31-8402-42d1-9457-f69e91524f02,bike,4.996572037541249,3611,15780.344933977,inactive,full-time,18,50.9162187351287
2f60f92b-8886-4872-9448-3afbedb44aca,Michelle Peck,35,male,84bb125e-7f91-49c1-b8c0-8936edb7502c,bike,1.372336892435313,1338,42595.98363585611,suspended,independent contractor,2,51.67760129918432
f1360d5a-f7d5-48f9-909b-8c2a025e6a28,Shelly Nelson,58,male,0e3b4b24-59bd-4051-8b05-f57b9efb4adf,van,2.758974369838839,331,22868.0481492357,inactive,part-time,6,72.41636818626932
3dc01d79-2257-4b5d-ace2-e87497e45a30,Matthew Jones,28,female,c3048138-ff31-4fde-a835-bb09a931cba6,bike,3.519203719426061,392,24866.852564928275,inactive,part-time,14,94.44461533502732
35c5c432-c48d-456b-a5d5-d96d7caf0280,Darren Frazier,60,male,c17a9564-3d1d-4edd-b3b6-98c778883b01,bike,4.325326645466554,409,7662.240319439965,active,independent contractor,5,97.64413880449295
73200667-2762-4293-8937-388680614c8b,Pamela Mcclain,31,female,f098e84f-01ae-41ea-bdf4-5913750f5972,car,2.2120421266029617,356,9236.22038457546,suspended,full-time,18,93.8621237170926
b895faa1-2900-4203-a68e-09ba6350396e,Patrick Fletcher,49,male,1d4131d2-a64c-4303-8063-527979b4b214,van,4.094742365537809,4754,5335.168422605885,suspended,part-time,5,80.19633893276713
f678d03f-9b23-47ba-ae99-f2ed08bb9f04,Sarah Hernandez,25,male,221f48d2-d48c-49a3-8acf-9d3e6c6d62c0,bike,4.678076071005178,1877,40328.85820839919,inactive,part-time,9,82.48970387056224
491a89b0-0c6a-419c-ac23-eaa2d2250b54,Pamela Patel,62,male,50ecdd82-756a-457b-b3f3-4c4a35711141,car,4.1209223062173495,1936,41948.11583084261,inactive,independent contractor,6,53.88666106713338
32f49e0b-dead-456b-87e4-066e9143c4c7,Tony Dixon,31,female,93c4649d-fc87-400e-ba11-d4ee88fb6358,car,3.637641720616832,4115,47467.67132373412,inactive,independent contractor,8,63.73223134333563
6501df94-d35e-4569-8954-dbd02ee319f5,Robert Hunt,21,male,583e4b0b-914c-4307-8660-45217ca43313,bike,2.284235494400008,1184,17509.220133064482,active,part-time,19,60.760872999800185
365f1cb2-a7a3-4b21-bf97-25acf2b4baa7,Justin Morris,64,female,70eb2f49-08ac-4e40-96da-14a3bb021fa6,bike,1.6843817546291078,2649,4722.409323387685,inactive,full-time,13,93.07132480148636
92d0d44b-b090-4f6d-aca9-cb19f36ea740,Christopher Gay,64,female,66c74bb1-f508-43c8-bd1d-fb3206aa72e4,bike,4.267205007308833,3466,21446.721132185645,inactive,part-time,10,61.32361275125481
f83211b2-af75-4439-be67-8d43fba1f650,April Brown,45,female,b22b776c-5d74-4163-91bd-576584e1f19b,van,9.513720267792689,3857,23735.39711911841,inactive,full-time,4,89.79376750267772
a723cfcc-2c0e-428c-8772-91bdae35708c,Kenneth Morris,37,female,42dfd5a9-38a7-44b6-a120-1d41bf5e9ac6,car,4.162916075771815,776,24235.403608915167,suspended,full-time,14,57.72272151876482
d61a76dd-920c-4fd7-8a26-bc0600a0409e,Jennifer Daniel,40,female,c633783f-0645-4d61-a93f-ff5becf63bce,van,3.784833314188925,4691,38843.56461178126,suspended,part-time,8,96.47305069114051
79e1b749-91eb-4b30-8f88-40b11549de87,Gregory Smith,22,male,d24dea88-718a-4748-9e72-753e52116b5d,car,3.341845610503268,2864,5021.075478018243,suspended,independent contractor,13,76.6255909610206
ee289457-5f3d-46ae-925b-7289e03995b4,Andrea Obrien,63,male,243d4471-aa2f-4114-9567-0d70d1e4431e,bike,2.2876032434084066,471,41847.50382677314,active,part-time,6,86.33288041393894
4c67b393-16c3-40e7-b047-71dbf9a087dd,Donald Long,39,female,8fc259d0-c156-4d60-add4-6ffc7f21c447,bike,2.121844827060048,2846,14030.342272010268,active,full-time,1,66.25154035891237
508534e4-aec5-4ded-afda-6e29eedf6184,Nicholas Dunn,49,male,5a0f33e1-0e9d-4b5e-a06f-8b48221632c5,car,3.7355000533290608,1854,43265.98869663032,suspended,independent contractor,7,83.60171695311544
127c672e-b572-4c1c-8f05-e3519c8de7c8,David Valdez,34,male,858fc579-e77c-4252-b2c3-6e9568ed98e9,bike,1.872954674381172,1413,25496.50233125159,active,part-time,13,68.89104263832041
dc00d384-88bf-43b8-852c-94eae4ea6b7a,Megan Miranda,32,male,b9065263-caea-409c-8348-c41e736b73c1,van,3.660957728702321,1649,42503.457241230986,suspended,part-time,2,97.56395738053271
025cdbb4-3835-4061-a144-f781c9189d30,Kelly Krueger,36,male,30c68685-daab-468b-9874-3ac1fc7820f1,van,3.352040413649033,4449,8617.890569831266,active,part-time,2,65.46558879229278
3725f597-82fd-4ca4-97bf-15f3178b7357,Rhonda Sexton,22,male,09c5e9ed-9a19-4a46-8aa4-49f5dc105c2f,car,2.1312579297051366,1181,16055.112588118707,suspended,part-time,7,85.08911882376444
79b06de0-7979-4d55-8015-4cfa5b0b9f90,James Higgins,46,female,62b176d9-c964-49ff-a3f7-8b15cfcfe16c,bike,6.35263033211383,3295,5775.078114784564,active,independent contractor,14,86.07070484710852
36efac44-ce73-4abd-8559-0e87659a2671,Michael Haynes,58,male,9e7407f8-3023-484e-8ce1-0d8cc0294893,van,2.6860337408562733,1404,47202.11176435834,suspended,full-time,19,56.58882736054642
2e0ac5a9-8334-4a2e-aa44-af404f10133e,Robert Mejia,32,male,0fce9d01-1d19-4d41-99fa-7dff0b69e7a1,van,2.841709125403236,2972,13343.888800022543,inactive,full-time,16,73.26706048562336
ce496d29-2fb2-4d1b-b3d3-0ee1d150baba,Tyler Guerra,63,male,4a34580a-6114-4512-b659-b12c6d028773,car,1.1587211400899111,1007,42479.33714097845,active,independent contractor,17,94.8198776115032
b40f75c0-c8bc-477e-8123-122a7949ac25,Jack Anderson,25,female,b8f86b18-3cc4-405f-9217-2c9cee3f055b,car,4.039318377539674,2902,25326.57056022476,active,part-time,5,86.73441543486845
bd259dd3-e78a-446c-8c7d-73659096e610,Joseph Martinez,28,male,8612c17a-a834-4b88-9275-0cf68f53043b,van,3.611289178318045,4559,3147.50908364981,suspended,full-time,4,70.55875105316164
8d1601eb-5e6e-4372-9b68-4dd86241514e,Candace Davis,63,female,fb95f287-f523-4357-8483-07f293ee358b,bike,1.831159750127997,4199,17261.649853079143,active,full-time,6,54.98181402978305
b335ed0a-228d-4d11-b342-b4184b361624,Andrea Juarez,47,female,fed8ea4a-304c-40d9-baa3-5374ceafd4f9,bike,1.2237841449999851,957,25999.77298957831,suspended,independent contractor,3,63.21707602304697
5177995d-6b39-454a-9774-e35fa59be7a2,Christine Delacruz,37,male,05ef702e-b8e1-43fc-b219-48ef494618a2,bike,4.601139186132861,3211,47262.18111567919,inactive,independent contractor,11,86.71235533756976
45bf75a6-dd5e-4287-9764-bb02ef51202f,Karen Gardner,51,female,4d98393f-59fc-4815-8f39-261d4f409a0e,bike,4.990136641247689,741,17365.66324740512,inactive,independent contractor,4,54.4477356824045
4b3f0f87-1b82-4aa3-a37b-ab90a8a86b82,Gina Avery,42,male,1d19b5d1-7c67-4ac1-81c1-688719d463f8,van,2.121942142866698,128,30837.55104559863,active,independent contractor,14,69.00538555294429
4e3314b1-9db8-40f2-9c3a-89f533a873e0,Laura Miranda,23,male,01780fd6-6613-4516-9181-d5c7750646cf,bike,3.877508853990312,4869,24901.615471345463,inactive,part-time,4,59.038676787766434
cca12765-b4ee-496b-93da-38f8b61c40b3,Kathleen Brown,53,female,80b3a854-372b-4c65-9c24-bbfba5fad0b3,car,1.9583118915378568,3825,15369.71205026127,suspended,independent contractor,12,53.40061056522722
7f9e20ee-2fc2-4e52-a92c-4478e736a232,Julie Anderson DDS,43,female,ba060088-d97c-402e-9595-61fb9a104e29,car,4.024837398977116,1211,46615.19812186179,inactive,independent contractor,14,98.26913766241633
c0a9a1ef-a6ab-4220-9a56-364ca55ef722,Adam Kim,21,female,9bb1148f-2d8c-41f7-8985-e0f58b4b5746,car,3.335245282585198,4545,30738.217806384047,inactive,part-time,3,71.18173967728468
dc1c6cc6-7381-4980-b4cd-fbeb7308cc1a,Heather Donaldson,46,male,519f6e92-02dd-4399-9e7c-e76cefc392b0,van,2.3890721709045883,3113,19180.296943534464,inactive,full-time,7,87.09795075595169
81f97bd2-718b-4251-9b32-78e3c0788a33,Tyler Walker,23,male,1caf7bc7-518c-4b4f-925d-97e7a5188742,van,1.8385027459745609,3287,22512.681070984523,inactive,independent contractor,14,71.02150509944458
ced4b9df-055c-4a8b-bbc3-eca85395c123,Andrew Bryant,52,female,410dd735-854f-4ab5-a23c-c0d8c9e64d82,car,4.500709731850885,158,21225.651133680243,inactive,full-time,16,81.72452999035094
a84f0ffd-637c-42d9-9b1d-fd74b28837b0,Stephanie Lopez,52,female,14a0f5da-73d0-43d5-b9fd-b09b666c0d15,bike,1.2753287372716031,3116,6602.555671724694,active,part-time,1,88.72879002421614
a11d9a0c-d90e-49ca-9873-e1e192d6b6f7,Frank Jackson,22,female,425b143f-8310-451c-b978-8ed674a4c41a,car,3.2684017172015576,594,19766.296380013107,suspended,independent contractor,8,82.99610776553928
338f4835-7acd-4ccf-aacf-c3db4443898e,Joshua Cook,43,female,cfe0941f-4b15-4da4-8228-3502141ef832,car,3.2321666843191084,1699,15166.412785828375,active,independent contractor,11,77.62638778754797
66c48327-7de5-4110-9a6c-5ac5372ca43c,Timothy Phelps,35,male,fc5478b7-9316-428a-acc6-4baf8e843cd8,car,3.359453632986968,4599,1232.9483132186997,suspended,independent contractor,8,84.38048073136795
cf4b088b-4671-47ab-a865-c8e0812901b0,Meghan Baker,56,male,26a73b40-3e41-4f7a-9e24-f19fc862e1e9,van,1.8881009762471508,2527,33911.29480759153,active,part-time,6,70.65738057466208
b3dc0f05-80a5-4e44-a539-0b4e3ee08009,Maria Bryant,61,male,6d800187-c5ca-4a26-8873-69c7241dc074,bike,4.757724555856672,4997,40435.866197651296,active,independent contractor,14,58.95514381658487
a4dc94a8-4b1b-410f-874b-ccd9cfa3ca07,Jeffery Watson,56,male,062aadde-64be-4b15-8041-05ec9e9eac21,car,4.282321264889527,228,34402.4893056444,inactive,independent contractor,4,56.72508849189801
44f1dcb1-125d-43b9-8666-58bbb8228f69,Patricia Clark,47,male,d5cef0e6-5c9c-411d-86a7-fb84b1243a99,bike,4.459578345395002,4309,25922.39803678312,active,full-time,15,87.60308092023159
f9351037-5ec9-4c05-9455-afe3c580cfc6,Jacob Hodges,47,male,bb3dad38-8961-46a3-9c9a-a8b4de2a5875,bike,2.7844626365062184,3579,37146.61319342729,active,full-time,1,89.86938052803191
5be11c13-3e73-4b65-bebe-e0d0b159acce,Brooke Mccarthy,41,male,ca8eaa1b-2f3c-44b2-9748-4e5bebb76269,car,1.724569893313901,451,24704.23227795729,inactive,independent contractor,6,53.72980495948414
acf932db-e6d0-40d8-b0d5-b1b0c95a1d3e,Frank Harris,31,female,95f5104a-4e92-4f0b-9645-c1d5aa255f25,car,3.136716048700982,2285,30414.890983513716,inactive,part-time,19,84.7556109246884
f9f68d0e-c1fd-4549-88bf-08d46e98ae10,Olivia Finley,53,female,04c23132-5273-40c7-bb06-14630d586c57,bike,4.145176035378114,258,1462.5073981842406,suspended,full-time,1,89.2466606978756
b7f0fb8e-cbc8-403d-842e-ca5e74543689,David Lopez,26,female,35eb09cd-2847-4451-afa7-619ad9b2a934,bike,3.7630110369132193,2342,16286.977510960767,active,part-time,13,98.81182524677608
d9113058-e9e3-4455-ba42-7757946f0859,Steven Gibson,43,female,fc6e74f9-4494-44ef-8435-de5df2a5abd0,bike,1.338353793206358,4021,46033.09119378243,suspended,full-time,7,89.85708008597177
6af7ac18-9d77-4ae2-88db-834b017cab3e,Gwendolyn Sweeney,44,male,d1bbb6e5-927c-4128-8ce8-fe32cd3d3d83,bike,2.482453864723113,2847,23515.46030978173,active,full-time,10,57.60293189924155
8a48f38c-da63-4c9e-89b8-dac6780b4d45,Joseph Williams,44,male,c63d4887-1da5-4227-9dfd-b3c5b5dd0f8e,van,4.320758353928603,4893,24812.569739233008,suspended,full-time,4,83.13301070115827
e28b8328-65c5-4068-8ee1-81aab533593e,Kimberly Jackson,31,male,b2826973-55de-4248-83da-518445c95aa3,bike,1.2109192344988409,2219,17902.32812899679,active,full-time,4,92.55313610067203
066eef5f-3355-4a2a-bce5-fe38f9d55ba2,Ray Bishop,40,female,def82860-6b86-432d-808a-75cafdfb259a,bike,2.833983089644403,1653,46067.99587048074,active,full-time,5,68.0878081445827
b4bbafeb-a62f-412f-a358-48a234d932f4,Megan Buckley,48,female,6368c24f-5beb-4f20-85dd-3aa4ddc4db6d,bike,3.4423486974251984,3329,6958.501198409406,suspended,full-time,18,82.83956994304471
6f079acf-7072-4206-a270-866622c6b34b,Jeremy Wagner,49,male,afabc438-ee3b-4e47-9406-3fbfc38085d8,van,3.813592350438344,2851,34971.70099981674,inactive,full-time,3,60.16318707560698
d6a1fd0f-0ba8-45c6-8f2b-65716e0ea8bb,Johnny Norton,50,female,95060e15-baa2-440c-b287-fc981bf2fe64,car,3.049642052579309,1231,18617.81893149833,suspended,independent contractor,16,96.86519597975033
c2a6a3e5-82f4-4e0e-9250-12e6aa77717b,Terry Rangel,36,female,2948751c-fd60-4323-a9a7-5900e1c0149a,van,1.8232069613641144,4338,28535.977450311577,inactive,part-time,8,71.25041407031571
d34a194b-1364-4371-bd77-7671582eeef7,Barbara Benson,21,female,b96d682b-f827-4214-9bdf-edb9e5d38903,van,4.698008005915996,3399,3751.932888192988,suspended,full-time,5,86.86431531798993
f6d83f96-13e0-4ad9-9394-63407486aaea,William Martin,50,male,b8149ea4-b5ec-4cc1-a599-7caa78011554,car,2.850892261161932,509,2354.9111820812795,active,full-time,13,65.15692711762188
eb128eb4-0704-4fde-a4aa-b2574a6d4f17,Erika Smith,35,male,9ef99e3f-b003-41f3-a4ab-e61a830305cc,bike,1.0496673928154432,2897,28878.863710490004,active,full-time,1,99.98730173907526
c45c4610-9952-443a-ae56-d9275851c216,Austin Anderson,48,male,e27cd269-eeb7-4d6a-a450-00549e6dba18,bike,2.758479964462407,1735,35754.8388178103,inactive,part-time,9,68.73974805966513
17234450-ba9a-4df4-b5f0-b577cb37b974,Elizabeth Williams,34,female,949e9c13-bf37-4db2-8034-e2fc6bb218bb,van,2.117001536704928,4000,9036.437192890317,active,full-time,4,89.54531528192705
32beb6f1-55b4-403a-9ee7-236548e7a10d,Angela Flores,58,male,78d92239-2bc5-4a30-93eb-4e95409c951a,car,1.3715230832286616,1367,49379.80043036847,active,independent contractor,11,55.892824397769566
e0a7f524-186e-448c-a0e6-477e91f08396,David Smith,35,male,9bd29bb1-d2e6-48ee-b2a3-15bfb5765d86,car,1.893792071063754,4900,43073.08641589433,suspended,part-time,3,63.54078715811127
73050fed-fec8-4b2d-8c51-8c7aa566d3ef,Dalton Salazar,40,male,976e6b9c-683f-4327-a428-2c9d0273e63a,car,3.6949075715584336,4110,49560.63357565278,suspended,full-time,17,54.82666869088562
,Gabriella Bradley,60,female,549f806f-5ae8-4c4e-a24a-50cd28a4991f,car,3.367529964609813,1064,1835.7068026419784,inactive,part-time,6,92.50070709717356
ac250a36-784a-4cee-a71d-001db6e96554,Erin Morrow,45,female,f1f91503-6681-4ad4-ab69-f46307061dba,bike,4.850755930541495,4023,3752.970589542048,active,independent contractor,5,73.85957219526586
fdca91f2-ce09-4289-aed1-7431d929d54b,Jamie Beard,36,male,6b56d50c-1460-4a1d-9de6-b141ebabcc09,car,2.7871800877548183,2129,24938.28405545468,suspended,full-time,3,82.9665326917708
59a1628e-4ef5-4438-b4b9-21687212a327,Karen Ballard,53,male,8f06ef7a-d2c4-4e2f-9a14-5386619af083,van,3.5543526403005044,2126,20548.20412391131,active,part-time,7,55.528145727752445
a5ef4de7-91ba-4d5b-8d6b-e4433acba431,Courtney Trevino,51,male,44a67995-43e5-4538-8c71-8b56c83047d3,car,2.36269181801175,512,34966.32668320427,active,full-time,13,97.99335600207168
86480e8d-444c-405d-a432-19f6e5541e05,Sarah Perez,62,female,70c4e15b-f6be-4d14-9ce4-b18483f4fc34,van,4.6835321773161205,4324,44363.55558111112,active,part-time,17,70.72293931588915
1b0e0edc-81d1-4960-81a8-5a62d43e214a,Mark Irwin,46,male,62b73bc3-5b52-48f7-b45d-901707ac88b5,car,3.324210683512774,2100,43476.631224276425,suspended,independent contractor,2,65.46288616022073
,Kathleen Drake,61,female,7fa485c3-cee6-413e-8178-4f2e116f43db,van,3.741117119921362,4275,48758.05198027029,inactive,full-time,10,66.33979797061505
ef654d1f-e97f-490b-b400-2f41ec2712cc,Michael Willis,60,male,2e0261f2-94d9-481f-bb1f-494855500ebd,van,3.6020740004228498,318,46045.94201880881,inactive,independent contractor,5,99.15653277654698
6db580d8-754c-453e-ba6c-0da751111f99,Brittany Sawyer,40,male,3802a234-1751-4dcc-8b43-ae5121092d22,bike,3.398140583722807,3224,26099.34273124741,suspended,independent contractor,14,55.55552625427549
2fe6bb81-6ba9-4485-82ca-35d6282f7dec,Douglas Burns,30,male,bc64e5e3-c531-4266-9448-2d85b30ab6b5,van,3.3083745129338364,4751,35677.4951571821,active,independent contractor,11,90.83166092013776
,Robert Nichols,35,female,c4453491-83a9-4997-b35a-fd021449d8c4,bike,3.04363959154282,4260,12854.79340409356,inactive,independent contractor,5,80.9809547733309
72d223e5-0356-470e-9756-877ba1b8b864,Joe Gay,63,male,00202bda-c907-44a2-94c5-9647295278e1,car,6.094130459904213,4104,37230.472214689216,inactive,independent contractor,15,92.17719567257838
1d0a3ea8-af36-4ff0-a3f5-f4d4b4dbb464,Susan Smith,23,female,e2505ab4-051a-484e-b909-ad92052c4743,car,2.260549180825641,1418,22797.25465180284,suspended,full-time,15,96.8474514624187
c3202b4a-144f-46b6-bc93-01bf9360bc8d,Shari Robertson,45,female,b9592b73-ce12-4214-b03f-8fd80510be9e,car,2.1102625037053326,3638,26582.653741851096,suspended,part-time,10,57.80095647241316
555427ad-c08a-4c1b-a5cb-7a2aa1d37177,Tonya Morgan,44,male,f8b50199-f9c6-4929-8683-c187b548d57d,van,4.02489484775916,1437,29365.24549378024,inactive,independent contractor,12,70.77763349214189
fbe2889e-7c24-4694-95bc-0e6ac3ebce8d,Spencer Sims,60,female,6a9c4242-2b3d-4716-8963-71ec7563eb18,car,4.950123844319872,1652,25388.34268550235,suspended,part-time,12,81.49773610781764
ca63c004-0703-4b16-8010-060fa9de4235,Michael Reid,22,male,505ea101-5cb8-438d-a048-c68eaf0c532b,car,1.4437729461179636,4174,26136.39478803414,suspended,independent contractor,15,52.7308617234078
13733cd9-be42-43dc-932d-de49dcdd4971,Darryl Ramirez,29,male,e08567ef-a73a-46f6-b4f1-25f7d8eae544,bike,3.2988825445459846,346,38737.433207957154,suspended,independent contractor,10,99.29982876122166
5710da36-2f2d-4530-8624-99729cdba3c8,Jennifer Phillips,60,male,c439dd72-5745-491d-b78f-0273561f4984,car,1.2811181126950837,3921,38562.75834464914,suspended,full-time,1,83.76611688968072
dce1e3c6-0822-4188-ada5-2989218f704f,Keith Hopkins,61,male,a7a90112-c10b-4175-bfa3-21397f991a52,car,3.965927217472248,2304,15096.16622717553,suspended,full-time,17,72.07965267935347
9c51c3c2-ca42-4074-b715-deaf6e060822,Corey Arnold,36,male,bb197750-a019-41b6-969e-979362d37a19,bike,4.397666191645552,3769,44215.40498762033,suspended,independent contractor,16,78.78261572262959
a9b74c97-ccee-4fb5-8925-355b26950004,John Mann,63,male,364a6358-a8dd-483c-9c1d-873ae163a66a,van,2.861014658542109,3791,41864.65685919365,active,part-time,5,65.22048423475523
d76e6758-0c4f-450f-b8a8-3a258d8253ad,Dennis Galloway,63,female,340020fe-afd9-4b56-a9d9-4ec413c30301,van,4.693893231509895,1031,14253.240866110218,inactive,independent contractor,11,66.26955690544233
a784c572-f88f-4b61-89b8-dbc758a24ca6,Matthew Murphy,49,female,304c44ca-a85c-4115-ab1a-5b4ee8b97f8d,car,4.688219462255795,483,26557.93127933051,active,independent contractor,13,87.75635520817067
0fa0848e-5fb8-4238-9523-f566db92b2b1,Michael Kent,46,female,7d8e5de7-ba8e-40cc-89f7-8e5bc84b40f1,bike,3.998713352148241,4436,41283.244845831,suspended,part-time,10,57.062524703955326
6d473650-b7db-46e4-a2e8-dde3ed328086,Deborah Anderson,40,male,d43ce7b2-9acf-40d6-8051-920aef9f1dd8,car,3.38942315611195,1543,30110.784718443087,inactive,part-time,12,87.29763897553804
091918db-103f-4763-88d7-bd7a1cad2799,Randall Newton,60,male,94d18d6a-e2c0-47e3-b360-fcef1ed2d434,car,3.6177589178117744,1219,48469.63858849442,suspended,full-time,4,54.29008840423335
ecf9d69c-1877-45a1-baa6-01f70eca1eef,Daniel Chung,35,male,dcaa88a7-d3f2-4dc8-a8b5-831b0a2a77ad,van,9.947094531901376,3328,43921.53592621011,active,full-time,18,82.9773298742929
d976b658-2074-439e-b6c0-03c2bc823a5a,Kevin Rodriguez,22,male,c4913c77-e5c8-486c-9f44-a9308c7c99ee,bike,1.5014416921124467,1325,13055.416206420314,active,part-time,7,74.368036644836
4a50999b-a40e-4960-b81c-d35ca5d9ee71,Benjamin Arnold,57,female,06158ccd-1bc0-4688-888e-c8ed680f0915,car,1.1073099974657654,4903,40628.41393039147,inactive,independent contractor,6,65.21704041292118
8978a7cf-55a4-4439-92f8-3ed38c08c0a3,Matthew Cooper,53,male,50f08653-636f-4966-aa83-10066231beb2,car,3.567909263003547,3851,45186.70705586697,inactive,independent contractor,7,61.49197258797383
e70323a2-c627-44c3-aa46-2b6b66ccf79c,Andrew Ramos,54,male,0636f657-61d4-4d2d-b4df-7d65a57157db,car,4.600172052964608,2215,46578.36464389821,active,full-time,4,60.33785815739404
6ce8f412-fa31-41b9-8174-c69a6154bc7e,Jennifer Deleon,30,male,91710bbc-a75e-429e-b429-88b40ba40a2b,car,3.203129094821704,4927,27220.50264152881,active,independent contractor,15,60.448646204752905
41922416-5d92-421b-88a6-1d70d1260c58,Brandi Andrade,44,male,cdaa71a0-88e5-4dc9-85e5-dde620944302,bike,3.965394989866143,2566,31334.73767981238,suspended,independent contractor,7,68.75965796408121
11b658be-967f-4181-92c3-2604a1aed66b,Patrick Banks,31,female,a82679ff-29a8-4e2b-bf5d-c7344d6b7ec9,bike,2.5654489764056274,1046,3111.755799155748,suspended,independent contractor,15,85.71795052902476
5d0800d9-337a-42d1-b13d-8be13f6dfe7f,Aaron Moss,34,male,8758d113-17c7-4ddb-b87b-f7bfdaa9091d,car,3.5807647391642337,2508,44833.5299679799,active,full-time,8,79.52094060775461
b535a390-17db-41c5-a7cd-1d4442c5892d,Shawn Swanson,30,male,3a60fdbf-2636-42fb-9fd3-b21e31f8c01d,car,2.221626054880385,65,45553.5857818373,active,independent contractor,3,68.98761603752259
8134db8f-082e-4717-a9f0-1663b305dffe,Andres Bryant,49,female,99d22f09-29a4-4bd1-a23a-ec0aac3f95ea,van,1.9468005581697003,2126,23046.125836640076,suspended,full-time,5,74.45730100236312
007a4f2d-a9cc-45af-bc8f-013a61bd1263,Sierra Lester,52,female,0f4fe300-b15e-44b2-bd11-316c56222dde,car,1.657597416044264,3197,35298.10682129027,active,full-time,10,50.0549780151001
ddbf677e-30c9-49ad-979b-d88ca4a1dfce,Natalie Williams,49,male,51657489-ea89-4d5a-b73f-9c867f83c73f,car,2.42485699639813,2712,6606.506706619539,active,independent contractor,6,60.61297481224726
130a93c6-9e67-4c8a-b553-fbd60d3f0660,Robin Miller,27,male,0118d4bd-4846-4152-af82-52e771e25ddf,van,3.717567189806948,1424,28450.25747783368,inactive,part-time,4,83.7104121828146
2dfec799-a505-4004-9428-8cff45723ac5,Katelyn Brown,48,female,0ecd2a54-7762-4150-bae5-7ff63bfc36d8,car,3.3386601515907994,3660,42982.39127821141,suspended,part-time,19,65.57446685442477
449fd022-0f99-45de-8ee2-44ba6c04bddd,Bobby Robinson,42,male,35015161-e4e9-48b6-beac-40c1b8f13f34,car,1.9840881017263503,2704,29640.59371234021,inactive,independent contractor,1,99.8967521283191
7879c569-ea22-4817-a923-cafcb1925b2b,Brittney Rivera,37,female,950da849-eaa6-4c42-9df2-4c10b45cf3c6,van,8.833920429476185,3073,12952.25780932884,active,full-time,16,60.365635078566434
488ba32d-1c30-43e5-b965-b83191068477,Ryan Richard,58,female,68bfc649-c277-423e-835e-c773a69d974c,car,2.5457783405121908,4958,2403.0022732061807,active,full-time,12,52.27376464100687
490f5ed6-216f-4587-8c91-b3b57d3946c6,Paige Morrow,55,female,6cbf190a-afdd-4fb8-b1fa-d7154380af72,van,3.765859729959097,855,33269.114292189086,suspended,part-time,15,81.44994312209846
d8a7a205-625a-4a9b-979e-f299cc83baff,Kendra Callahan,55,female,1b6a5e01-322f-474b-a3a5-8035b459a9b3,car,3.942988000990935,2231,35578.689046300635,inactive,full-time,19,80.49872857516617
98c0c8eb-4fba-405a-b39f-0213a99f435e,Aaron Miller,46,male,6e52565b-9660-4411-a01b-87ae921d650e,van,1.6694849698016867,4329,39482.98069645437,active,part-time,7,91.16410850463372
829c04d6-960c-4e59-92cd-6bc614c2fb34,Frank Jordan,54,female,5a2b6ef7-aa56-48bd-b356-9e7563fc1f2a,van,4.80241598749952,1650,21759.448559084096,active,part-time,1,65.9828419114987
07c14a05-b076-4455-9fbc-6cb393eb0824,Lisa Garcia,25,female,9836c9a5-ac0b-4068-b15b-60d5715af125,car,4.32555520656394,4956,15732.75422660598,inactive,part-time,7,84.44566896267898
007a37a9-fca9-4263-a189-4967c28cfae2,Megan Meza,50,female,f30d5fac-0a39-458e-a99d-8c5c2a6a2a48,bike,2.805073046082895,2370,36398.52833653153,inactive,full-time,7,63.52485650828472
,Shane Conway,50,female,5ed2c864-7f41-42dd-84a2-85f77e159c78,van,3.0701974923958,3575,2386.2748810690628,active,full-time,17,78.16599791779377
af61c4cf-ce7d-45c9-af85-8dbb3d3a8498,Anthony Gardner,23,male,22d59619-1703-4cb9-8e65-573a24a62ef1,bike,1.892512205808768,1558,7541.358295190872,suspended,full-time,4,66.6536011718848
2c078c87-6592-4c15-9cf9-30d32bf5de60,Randy Morgan,23,female,78e1e949-590d-4095-afb5-4cc9a73a33b1,car,8.684007054155003,2779,40483.22448856062,active,independent contractor,6,65.97800298150024
ff5618b0-3f64-488d-81d3-511ae0ae37a6,Bradley Cole,45,female,25a6fde3-ee8d-44d9-814d-0f6e242f39b2,bike,1.800743737806319,390,19055.60963814188,suspended,part-time,2,92.406832571392
0b82eee3-1694-4c3f-af68-1d35473acea0,Amber Fitzpatrick,34,female,065b4e81-1ef1-49e5-beee-067fdd47873a,bike,1.4473374630026208,3995,47986.056917075424,inactive,independent contractor,10,67.4261951383151
ae56f38c-523b-493c-a638-e7775d70fb63,Mitchell Kerr,31,female,35756307-5124-406e-b6c0-355266ef00e5,van,4.912045838319114,2968,25396.927406858984,suspended,part-time,11,57.131431777652814
170cbb61-a39e-4258-9808-9d43884cfb6c,Amy Sanchez,36,female,5091f4f8-2fba-42d2-8469-7fe60360a66d,bike,1.920746701875548,2224,33157.18095542432,inactive,part-time,6,99.54039166915275
f6650a09-9e7f-499c-8f7f-abc44e128c62,Mitchell Lawrence,41,female,c04de7bd-8dc8-44bf-b55a-144f51529506,bike,2.3089639117352,2654,12415.579956124804,active,full-time,10,60.945214973421145
c45b18fc-5c94-484c-9dfc-b74d1f59a92d,Darrell Brown,46,female,c0e62fad-b714-4f32-91c0-a5b0af7ba4d5,van,4.567156373603305,2800,39972.050384016766,suspended,independent contractor,7,51.70276502374959
4ca48304-9e0d-457a-834f-a25ea4abc4f8,Jennifer Garcia,30,male,17d310a9-9190-470f-af58-05ed9c3943bf,van,3.834530949818052,1879,40790.221061527525,inactive,part-time,7,97.38434180071444
d934ce3c-0d20-4759-a46b-5f04f7223d7a,Mark Bell,45,male,5329d1c1-7e6f-482f-aaf3-2332facb13b6,car,3.773672508575276,1579,30547.619311055103,active,independent contractor,19,90.7451189259654
799474d6-ac1e-4981-bab2-d3b0bed7a541,Patrick Montes,25,male,47a79acd-66d0-42cf-8796-b49e3683a746,bike,3.20376931855575,2199,32160.685735175342,active,part-time,11,68.95064232103329
db5545c5-6214-4cda-957e-e6e485630e8f,Kevin Patterson,32,female,5f7ec7c7-ad01-4ea3-b41e-1066f4f5b217,van,2.753955545420167,2624,46950.76485024821,inactive,part-time,11,51.015076495046976
5786af0e-4896-44f3-be9f-d31ef12ff92c,Heather Riley,37,female,09ec8644-ca9d-4ac9-87b4-21ba99f0f0aa,bike,3.8892697777352714,884,13405.642540445388,active,independent contractor,4,85.12212137043218
64c1b772-6d55-4a81-9880-c0fcd3e1533e,Kimberly Garza,64,female,2ab4bfd5-dbd9-4b89-9c88-7f4828bcbafa,bike,4.408541241318959,1900,26462.57872118143,suspended,part-time,18,81.18387203529578
0ba09760-4ece-4567-8807-21b6109ecf4e,Lauren Watkins,29,female,6ec08a21-6033-4dbf-95a9-491f96ecbfb7,van,1.0701130775017835,2829,31569.13365578409,active,full-time,17,53.91494772400898
,John Stevens,58,female,44aac058-bf57-4bc7-a59a-2f00dfdac330,car,1.156857635735495,4669,24207.817845829988,inactive,full-time,6,92.04503431839422
,Alyssa Lawson,54,female,37d0dc50-0c5f-4a38-ada1-827e6f7f342a,van,2.4840059583724368,2678,18772.40674815242,active,independent contractor,14,97.14694733549642
fb6cb986-caa8-4c6c-8dce-82b07295ca40,Melissa Hogan,40,female,0120621c-f8f7-41ac-98d5-2e94f2390ae9,van,3.151878848211852,801,41352.6975127256,inactive,part-time,4,82.2808426660848
0a91dfa1-1a73-4a5c-942f-a53c4b41db92,Douglas Johnson,31,female,7740b4fb-d171-4feb-922f-72fa9ab1286d,car,3.75865739732282,4005,18971.42406664404,inactive,full-time,6,67.77025238773707
78124c5a-0088-4748-8b38-4432ee4b4436,Amanda Scott,58,male,7d968379-84a5-4b5c-8153-1e065364f7ff,bike,3.3938188653437664,163,46908.05290800308,active,part-time,19,56.48735137269652
91716bbf-68e2-469a-9a2a-46ba374f12f3,Andrew Willis,54,male,7cf2580b-ddf1-4e77-95f6-36d01e879b79,van,3.4440281119744487,4940,43587.87934697431,inactive,part-time,13,91.66203940897752
13bb4c2b-945f-478e-b0de-f26321870ed8,Carla Marsh,55,male,2a319b70-849b-401f-a6e2-81c8be208736,van,2.7428796445986934,386,25559.267729569747,suspended,part-time,8,81.99553915862342
13b64710-6187-4ff4-8e47-91d8b9d5229b,Adam Ward,25,male,8c1b31bc-e057-4119-b41f-448584f816fc,bike,4.167585553150221,3118,7188.676088443047,active,full-time,11,59.52171520872625
6386bc85-b88e-4775-bfd9-1d47e73f388e,Justin King,25,male,a9b3cb7d-dd06-419d-b6fc-8521fa3652ae,van,3.1294454293191967,2116,43361.81446011019,active,part-time,13,65.53216318753485
ec665e84-2076-4ac4-83c0-14ef3924a117,Jon Mora,36,male,aceeef08-0060-4527-b325-035fea8a4eee,bike,1.0707270409058078,2350,36774.76660277006,inactive,full-time,11,78.54180302173513
a9a55708-146a-40a6-bfd3-6b53620513d9,Dana Moore,54,male,c684a80f-00e8-4614-b50b-33b74ed36350,van,3.0876731717636146,2108,27883.55939498422,active,independent contractor,6,91.51530130672433
1b5668d4-c34c-458f-a481-bbf35538cd1f,Shawn Ruiz,61,male,2fb90d34-9837-4d22-b27e-0b69ff8babb6,bike,9.13207368377799,382,6389.610197805593,inactive,part-time,17,59.19657848665362
7508fe0b-9574-4477-bfa5-52c9b8c45255,James Glover,35,female,b2763e80-d07f-46a5-9ff6-164657fe142b,bike,2.116744660656797,1399,43945.70915025315,inactive,independent contractor,16,91.59258000530174
b0ba60d3-6a04-43d0-88cf-20f1ce380e5c,Kelly Armstrong,37,female,fec7101f-037d-4166-81fe-123c8c1240b2,car,3.3124559830115112,3179,3217.0576726107383,active,full-time,8,71.63280558510131
4df578ea-531e-486f-b0d9-24159750a8ab,Heather Garrison,54,female,29c3a06b-365b-4eab-8f20-5cdea16f38b9,car,2.21792646950011,619,46697.09329665072,suspended,part-time,14,51.87743305673439
43cbd312-57d8-4347-91f1-f398a7bfa63d,Gabriel Campbell,62,female,75a4aec2-f904-446d-bc4c-1721bacf289d,car,3.399727023578963,1833,29248.245830673608,active,independent contractor,4,60.10195725198504
5b892cba-7d4c-4598-be9d-4fe342a101d3,John Ibarra,46,male,8c7b93d9-b74a-4966-8875-c0e6df0483ba,bike,3.42289369069666,2744,3346.572975212904,active,part-time,4,81.56521556843722
61a997f8-eaf2-42c4-8552-6b1b0c4fb826,Anthony Olsen,39,male,9c14864d-3a7b-44ab-9abc-2880102b6276,van,3.5133351631647383,3914,24786.55119238347,active,part-time,17,68.05527023709436
4b62203f-23fb-4890-ab92-bedafd803cd1,Melanie Davis,29,male,e140767a-876e-405d-9d43-a0d1641dcdf2,van,4.753524682908316,1191,27055.23950081472,suspended,full-time,12,80.64482111957388
0a601606-f084-4ffb-b216-3b4e4e682cc7,Rebecca Murphy,52,female,0cba0a08-d593-4c90-bc04-f3f05db56c21,car,3.404856636103582,1856,26247.19032336584,inactive,full-time,11,91.61825485733712
5ad02bfc-8c90-4876-91b7-ed3497a35a15,Nicholas Howell,62,male,76e5382f-b53e-4474-ab3a-2a7777b875dd,car,2.566204720929577,786,34903.95917994743,suspended,full-time,12,52.02108400764078
51085dab-7c7b-4f6a-bbf1-a1f1ebf83c38,Megan Burke,48,male,f2405e2e-5bc5-4616-8cb3-aef43ae3b114,van,2.3247594418742223,4936,36520.89219776421,inactive,independent contractor,2,98.86181016708738
57ab8758-3870-45d5-aed5-df487f4631a2,David Bryant,33,male,25dcaa7d-51a1-4049-82f1-8ff4b49829e8,bike,4.033677343445817,1457,44562.7650187743,suspended,part-time,10,56.40256740291324
fc14e9b5-b20b-49e3-8701-b17990f651e4,Natalie Sheppard,46,male,b9533dc0-bbb7-4c04-ac81-2290e5095b5b,car,2.2598906088779973,3761,30331.575538722154,inactive,full-time,4,54.07438040611905
5d94dcea-08d2-4054-b953-65d1523f153a,Emily Smith,27,male,4c9200e9-b746-46bb-a020-f550364968aa,car,1.0734828497982267,1198,33863.82559778177,suspended,full-time,10,50.94043282650793
660432cc-2510-4f28-83aa-6e3b882b1122,Nicholas Garrett,40,female,387b0da9-3e3c-4335-9c67-1964cb96cbb8,car,3.1018553190046743,3533,31920.443425866597,inactive,full-time,15,86.10052782966659
7ae05231-cd85-463b-afec-84a0e4ef0f27,Yvette Jennings,57,male,1577fa8b-587b-4ff2-af0a-cb57fb40606f,van,4.229649949519729,1616,35603.15180176161,active,full-time,11,72.24430298236064
e3b9b517-82d2-4db9-87a3-c5da7b257491,Shawn Nielsen,43,male,a4ae795a-5173-4858-bcb0-106157c2bcbe,car,1.792860560732445,3247,6801.254701075231,suspended,part-time,19,66.32380720827784
9ae5ec79-bcd4-46a5-b4b0-9fc2dc7951b5,Jill Wilson,52,male,933cc9c8-c12b-4cd0-9588-8a4244250d12,car,2.455509471010469,1197,18429.29696730458,suspended,part-time,9,57.174260412921306
d1a7d8b1-b71b-4d8b-b4ae-9d2108e3baea,Benjamin Sharp,33,female,95f15a13-e793-4d47-b4f9-3910cbb96aa2,van,4.855884459144594,147,32639.466946386437,suspended,independent contractor,17,61.6437744061246
,Joshua Price Jr.,23,female,3afcff68-ba1d-483a-b36d-f25e4c95fdaf,van,4.688465149826724,1824,22392.101466389533,active,full-time,6,55.22340697631724
c95e1899-dc66-4ca0-9cfa-62e162be49ac,Cindy Griffin,27,female,4b583d3b-f6b5-491a-9ef9-f40719c7e8b4,bike,3.627696259241463,3075,36761.19324176875,active,full-time,14,88.90466563447757
68415490-5a5d-4d7f-a515-0ab04c8f8678,Reginald Le,40,female,fdefa3d9-e1d6-4ad0-8a79-cb4e2d7d55e4,car,3.0073885508803566,2887,36816.84739598594,suspended,independent contractor,16,86.89010265645783
34054bab-5bad-45d9-a183-28a02d22cba0,Adam Wells,21,male,05c9c6d7-42db-43ca-aef1-b011d44c2f62,car,2.7888568022414493,2446,35328.07823836867,suspended,full-time,6,94.79567667352464
1b0b2456-bfb4-493b-9436-cf3a27025a26,Bobby Jones,32,female,ae964c5e-62c4-41c7-aed4-9f8577133d2d,car,2.783870097105969,3035,39875.07302565097,active,full-time,19,70.84358891830125
91da4af6-cd5c-4f47-bcf2-bad4cc87bb44,Miss Heidi Taylor,30,male,c97b4312-e078-400a-8722-60f210314a0e,bike,2.879815658005685,4575,31942.257843102518,inactive,part-time,19,74.63226180394858
5082aeaf-8071-4b46-8caf-fea89705a72e,Nancy Wallace,55,female,bdf168f1-4151-4e02-baaa-c1ec164d2d1d,car,4.950301677015454,3451,42769.47414440892,suspended,independent contractor,16,73.45534979571823
efac434f-3351-45a1-ab69-a00bf222ac4c,Morgan Kim,46,male,33a35d0a-9494-4b32-8b53-2687babef261,bike,4.810447176464779,1733,10417.448218946904,inactive,full-time,12,68.61643022072717
c882d302-e4d5-481e-95be-ec65552a08ec,Richard Nguyen,50,male,2510b962-f848-4b7c-a51c-967640c44cb6,bike,2.5556983866695355,1761,9675.530421489442,active,independent contractor,19,70.85598687774808
02c13332-b25e-4d93-8168-32a3c18630d0,Kelsey Watkins,47,male,21cf1167-994c-4c7c-a22d-c581d389f586,van,2.2969234166958503,2252,22383.079610889148,suspended,independent contractor,17,51.806604373963445
94d788df-a523-4a83-8073-47a8d97e6fee,Tammy Holt,28,male,aea0c510-1352-4dc1-b64f-c38956f62a72,bike,1.1417746721800128,3316,49757.25059582092,inactive,full-time,16,54.46713478756025
99fc8ceb-3223-4296-b626-69568cc93eea,Ruth Allison,37,female,467eb83a-02f9-461c-a3b1-7642937ac712,van,2.835653576568508,3064,36518.04310487077,active,part-time,13,66.79608148141489
d1fde014-7bf7-4bae-b3e4-4c446c42ee03,Luke Allen,41,male,d2454c37-537b-4cc2-8aec-0f01d12a1569,car,2.59918240103912,4382,36714.99320489691,suspended,part-time,14,93.1059913671896
c6fe1797-0f54-40f1-bce8-d29b83a572b4,Julie Cervantes,29,female,45878bb2-a31f-4e7c-91c0-39cd6c5853a6,bike,1.6222135503021806,1751,19611.63704712896,suspended,part-time,5,89.07541918197013
c04e64b7-d8e4-4785-9f2b-9788141f7692,Nicholas Ramirez,40,male,4390bff1-e31c-4217-97b4-f4a065d0be05,car,3.733656268151268,4398,17745.54491787824,active,independent contractor,14,64.27164392745973
2c8d69a4-b6ba-42a1-bbcb-03dbdfbe5714,Stephanie Long,41,male,ec0ba3ad-7a00-4921-a5fa-bea5521964fe,car,3.164273816961577,2666,19829.82773938356,inactive,full-time,6,63.89730228074075
1a5a4c7b-9c75-4c7d-8f25-213c3fab8d09,Marcus Cobb,58,male,91c325ec-ac52-4eb6-a16a-9eb29ce27d7a,car,1.160663177276319,159,1452.2273740790592,active,independent contractor,18,89.98228441823439
9a2083ad-d630-4f66-ac98-8d3754310294,Jonathan Gilmore,21,male,fd1fa7ac-d2f8-439c-8059-0286db97abf7,car,4.527453840225686,4204,12499.88374283058,suspended,full-time,5,95.15285495730606
591b13cd-48af-465e-a290-40a780eaf57d,Sara Garcia,27,female,5c1b7c2b-e53f-430b-9024-c96f43c176d4,bike,2.212567659956407,3150,11018.993706534997,inactive,independent contractor,10,93.12193263779452
502066c9-69b9-4da2-a76c-3c91c889173a,Jeremy Lopez,46,female,567dd7e1-e634-4775-92b0-f9eeaa306d65,car,4.267806522156743,1014,32671.2673158748,suspended,full-time,3,68.32094528925708
e2c343ad-6056-452a-a28a-74a61b7c19d4,John Sampson,63,male,e3ab59a9-c312-4912-8737-6c4a50cf8bb3,van,4.78256298743149,1108,29602.688801000942,suspended,independent contractor,3,60.01320417524668
b82819e2-9a07-48f9-bd92-12c6cf2e1a61,David Marsh,32,female,14e58279-0f30-444a-90b0-0951426ab807,car,7.603795349722227,1829,4718.579923641702,suspended,full-time,12,91.5032211205042
117bedaa-7c02-4e6e-9182-5c4e4701e806,Jennifer Cross,42,female,4d597423-71c7-4a20-9ab4-1cc1fddaf0f4,car,9.319062771126555,1572,44294.29371514032,inactive,part-time,16,64.7773750276477
08111882-ea41-4723-911d-71c3a1a9ffe6,Corey Caldwell,22,male,a6f820a2-8be7-45a5-94a3-a7b36c267cee,van,4.2408225699743625,4476,18639.54875995738,inactive,full-time,17,64.89196972808139
67994570-edf7-422f-8595-ae64cdc7cc42,Nicholas Olsen,45,male,6ef72fc8-7af3-4e3b-927c-14bb72e43ded,bike,2.568440769020431,3819,36177.5775122467,inactive,full-time,16,99.0487989916524
18a5f8c3-2585-4552-aab1-2ee8e84084cd,Cory Patterson,25,male,35d41432-f853-4e1f-8a59-cab7547dcc85,van,4.806583647129943,4006,6143.890875837768,inactive,full-time,8,80.65622507181229
7ecc4749-fb32-4ff8-b317-b6725f82aff6,John Smith,31,female,88dfb5cc-e73c-4f28-9f61-49b41f340b49,bike,1.342621091085002,3574,41227.10655885356,inactive,independent contractor,19,95.22418313851232
,Garrett Jones,38,male,d830323e-1b59-499f-b5ac-9843c6eb6e37,bike,8.269038088981143,1452,42552.16107885644,inactive,full-time,2,61.31977680170786
48f0dfb6-6104-4943-888d-8214e25c9140,Kenneth Hebert,31,male,fe0d09bd-c55b-4142-be12-54324ddb895b,car,3.012967674506809,1454,1757.0081592104025,inactive,independent contractor,14,89.7970804746341
4b18777c-d8da-43e3-a623-43db36cc759b,Brendan Meyer,22,male,2c11161f-1b3a-4bc7-a4e4-550d8f715b39,bike,3.073255368765805,4828,39317.30825641366,suspended,part-time,16,67.89551367341943
405e0384-9c7e-4cb8-b5a2-f0dd9d293b7a,Ricky Morris,51,male,7b308e16-4c66-4548-94c9-79757694ec59,car,3.0008718670903214,4117,13336.6341621676,active,full-time,4,81.32672479657421
6bde5486-6931-42d5-af81-8f772516ab5f,Danny Allen,27,male,7ebd6386-b0d4-4b78-b748-900945d51ae8,car,3.21897740027746,4245,3437.6800131660443,active,independent contractor,11,63.801299167757136
e25cce16-d6cc-4114-a5e4-a8fc673f509d,Connie Williams,49,male,92481455-7b09-48c1-8381-891e25917c42,car,2.780381701688165,1286,17209.187171040943,inactive,independent contractor,1,68.6848675709933
73d7a2ca-80b9-4a99-9748-7808e55aa8c6,Matthew Harrell,28,female,7d6c0cda-3f05-4fc7-9bf1-676ffe255ed4,bike,2.3508896571522016,2764,44778.07818225533,inactive,independent contractor,2,64.02593329162283
5d9b5ff5-9d31-4930-81c9-2f098370563b,Charles Brown,30,female,810fa641-7036-48d4-9ce4-c3a8590aa03e,van,3.1084360906672748,323,36969.16496861222,suspended,full-time,2,75.42159145186912
fd40affe-efbb-4e9e-8579-3660941cfb36,Stephanie Sanders,39,female,1df7cc47-885e-41c5-a114-3104ec0c77cb,bike,3.5594570600348066,2193,47160.19856577972,suspended,independent contractor,1,98.89654682362232
0f2b8e63-a760-4152-825a-13807708f3db,Janice Stewart,52,female,f9abc3cc-8e35-4b85-bf0b-f10988b62ef2,bike,3.310195223368376,1298,26022.23195691514,inactive,full-time,11,72.70937871819443
a14dbb8b-cde7-4bb1-9114-dfde7ce2767e,Julie Moore,46,female,fc2fadc0-b25d-4565-a851-a6c404957a54,bike,3.0435660921508148,4838,27620.335479398327,active,full-time,7,89.56906805472482
b14bfb78-06db-4689-abba-c940dd1da7ec,Catherine Castro,49,female,04cf826e-5a1e-4706-8332-413d06f22021,bike,3.8530942967682695,2568,18931.139010173043,active,independent contractor,18,56.924960915177344
d84fd776-200f-48e0-992d-a1cadfba70e6,James Miller,39,male,32f2a1ef-d040-4bc5-b48a-e175f08f3049,bike,4.259136795690525,576,28755.807895548533,inactive,full-time,3,66.93873397687622
c2b24750-f0fa-4e9a-a219-8b011638af28,Sharon Mcclain,22,male,0c967172-9848-436e-95c4-5be80ee39802,bike,2.536077831645457,3999,47633.77429935127,active,part-time,2,67.60846827659071
b3a56145-cf92-4dd4-9435-b251af39d7ee,Jeffrey Fritz,46,female,87629190-5189-4641-9cd6-7b2443933113,car,2.964108079402766,3926,36302.52677802697,active,independent contractor,10,67.36669273675895
d36e441d-899b-4594-a439-81fb1b1f7709,Joseph Nelson,48,female,3959e258-8ab1-4082-b3d0-148af40a13b4,bike,1.2399122695954137,3954,7692.303151255937,active,full-time,6,67.88551915975705
8834fb0c-5b96-4af4-88de-11c1d33048fe,Maurice Baker,53,male,4ff18428-ece0-4232-81c9-b7e1e4d71513,van,2.5451274555038097,3972,18134.27367264101,suspended,independent contractor,18,87.32206307906586
1f11f2f3-0080-4d34-99f3-80d68b1bd090,Ann Mcdonald,43,male,ebc48f3f-2fa1-4c89-a661-7df20d1aac19,van,2.464894594810371,4968,48916.95299237696,active,part-time,4,98.42820449527298
5860e299-bc13-48e9-877e-0861d62d5fb0,David White,39,male,38680658-dadc-47bb-8b1e-e6a740310030,car,1.5087354426633937,1263,48143.70987446744,active,independent contractor,9,51.94419040965878
c806d3a2-9cfe-4d1f-afb1-ee22f733e801,Annette Whitaker,45,female,3d5c71f8-6e19-4aaa-a227-e459908421f9,bike,3.574138639363121,1235,16899.868020038368,inactive,independent contractor,1,86.09547635166601
21ea92a0-c065-4787-80ff-e20302bcf865,Angela Wright,29,female,950b17eb-c0fe-46c0-a993-a1fbface1ed5,van,4.847027055424405,762,31423.551679408392,active,part-time,17,98.29813918827054
af5e920b-e573-4f32-aa9e-149340ae370a,Tyler Morales,58,male,b89dd155-20d3-4f69-970f-31761bcb923f,van,2.4299230389722646,2890,37241.92860270468,inactive,full-time,15,70.6535434329393
65e3e707-3155-4713-8c55-f3589565a923,Cassandra Morris,45,female,c11db7a5-152b-4867-9bc8-4567fa359d78,van,3.613058717410469,969,7524.5531286562655,suspended,part-time,17,64.86313213366392
c515121c-9365-4a6b-8f1f-18ac2621037b,Christine Yoder,46,female,1bd1662f-9466-4cfc-9c0b-c6a5ac95beb2,car,2.0873118572244143,4003,48106.38921875217,suspended,independent contractor,9,79.91760481262675
dcb3e44c-cb65-482d-9692-d2ee68039aa9,Richard Watson,60,male,e39e123c-4998-41bb-93dc-03c08352cb23,van,2.516293341114884,1165,11585.98567032182,suspended,independent contractor,14,73.02396568776717
e33f0b18-b58b-4697-8540-51b4ce82abd9,Janice Hall,43,male,9434f5b3-9a05-49b6-a54c-2a996d1b43ea,car,3.616219417639624,4579,43560.154665874106,inactive,full-time,15,52.32495658087597
c9a23b68-b6b7-4509-a7a2-a07eaa01e1c5,Craig Munoz DDS,46,male,52515c78-8c91-4140-a8f1-a9738420953d,bike,2.548221616954456,276,35553.29802704062,inactive,full-time,13,60.846912261654126
68cdd81b-22d0-43db-be84-349f2e84ad03,Frank Moore,32,male,fcc9d9be-78d1-4a96-b0aa-9998dfbe7d9a,van,1.9156722493635996,1718,12335.451951853029,inactive,part-time,15,85.27298784555992
608e67e7-ad82-46ee-a95a-0481481d13e8,Kimberly Sanchez,30,female,bb618f70-099c-45ee-a15e-a9a46229ce14,van,1.3981030804313574,167,44735.83147807078,suspended,independent contractor,10,73.78855404299077
8b36455c-312d-4968-a207-df1aa1ca5bdd,Tiffany Barnes,28,male,13653080-113c-418b-a4a0-4329c07fed7a,bike,4.097270703216507,3208,38111.58836364413,suspended,part-time,17,84.18994188141468
217bf1f2-1117-4623-a3f0-52f5f34b64cc,Alyssa Holt,62,male,eef8d160-c117-4238-8727-f6a9f31cbd49,car,2.664337560489736,650,44566.92855223906,inactive,full-time,6,97.58752055822386
2e3d51a9-54a4-4b7d-86a9-92330b8e677f,David Conner,24,male,a128440c-09b7-4724-aa41-b314fb8c21fc,van,3.5650606726105862,4578,30994.08057073797,inactive,part-time,4,92.40150337027734
660d9657-98a5-40be-ac03-1aa0d001234d,Christopher Todd,64,female,2349f112-8993-4271-aca3-cd37c7db2b3a,van,3.0669931793009693,3509,9137.088549547883,suspended,part-time,12,53.00372980805463
7dede05b-9b64-4e61-80b0-510b97f726f6,Veronica Gomez,39,female,fcd2a7a6-8ffc-47f6-8167-28ae62391976,car,3.4693064043692505,3099,48666.09247825778,suspended,full-time,7,84.26567357669018
c9883d51-7f62-4331-aa62-c45487647cc0,Taylor Stark,23,male,515c357a-9254-4cba-ae5e-176744013238,bike,1.1843625355507523,2701,9754.9415100125,suspended,independent contractor,11,76.11960715055113
,Jeremiah Cortez,64,female,0ca55583-e687-41b3-8c05-a4fcf370b143,van,2.629884181702132,4888,17451.452084886925,suspended,part-time,14,82.95414919295195
2dc6c2c7-cda9-407b-8015-4bfa2a234933,Tina Dawson,50,female,6e98030e-20e9-4982-aeea-b171c4427d01,bike,3.135242024122316,2054,36855.23422457832,active,independent contractor,16,91.43903558944471
78a5b7b3-f1f5-4f1b-aa7c-a4ad79341ccb,Kent Thomas,56,male,3bd391b3-a039-41db-9e58-3b1929578086,van,4.542730957612354,3860,30159.633568502468,inactive,independent contractor,17,92.83341501071632
04c11466-d57a-4817-ad04-09d924886f8b,Timothy Frazier,43,male,d503a190-6137-48b7-aa65-623de8b6c6a4,car,1.3752547804191837,4677,4925.048177702756,active,part-time,17,87.07891058393965
e8a26f30-b22f-44b9-bbef-b5483d2223ae,Erik Garcia,54,male,a27adde1-dd87-4285-8f9d-ca55995b395b,car,3.0155443862514817,756,45879.88793791886,active,full-time,19,67.52591901297811
2da54f51-8c5a-4a22-9945-2304594e3734,Stacie Velez,61,male,030093f7-c199-408d-9acc-3faab26c3481,bike,4.443620034787847,97,30783.499611922063,suspended,part-time,7,53.1422937899007
a32ab323-c929-43c1-84bd-7527cb33f6b7,Michael Johnson,39,female,5ede78b6-bb9d-4bf6-9d39-10f94efa449b,van,4.734694194474844,245,38067.36446634101,active,independent contractor,8,81.4202029573914
9a66eec0-42f9-4bee-9bc7-3af1a7f33ca2,Eugene Johnson,32,male,98db8fd5-1157-4e33-a088-a9c065c42921,car,4.318292625138753,2527,28538.9833564117,active,part-time,4,87.00086531733857
5373732e-57ae-4831-9941-21945137e75e,Edward Jackson,36,male,b15ea822-36e9-4600-8e44-c69b705868d9,car,3.4331382978307325,3917,27880.17194868256,inactive,independent contractor,17,79.96341362435541
9ebc9bd9-d411-4669-9d27-7674e29ea1ae,Terri White,22,male,e0cf6326-0237-43c1-b98c-e57e63b3a100,car,2.942162065311543,295,42479.14521572174,inactive,full-time,19,73.80253911428039
e8385970-4ea6-444e-a483-6b8e34b100c0,Juan Lewis,23,female,f2b2e670-84b6-4250-8732-7fecaa202178,bike,3.771672892188547,4705,36141.96060536665,suspended,full-time,3,86.88042783441473
b78e48ff-209d-4660-a969-e20511ac4800,Shelley Fields,35,female,5d09b439-d3a6-47af-8eba-ece9e45d8b65,car,2.363954462397467,4240,13579.12896245543,active,part-time,6,55.64110824581888
cc4553c1-12c7-43e5-b7a0-9ad8cc6fafe5,Alex Fields,24,male,97654789-3cfd-47af-9ee7-8f7e1c4dc959,van,2.811105133364488,2507,11530.76397059827,active,part-time,5,62.82440870849421
458d4e7e-e592-42fc-a7d2-5463645e8519,Jorge Jones,36,female,5527b3d6-314e-4d3c-8f13-2311ee9061c5,car,4.997750232479786,3887,19097.90315113772,inactive,full-time,11,95.0184870870907
65695434-a848-4196-9bf0-2e72ede2d5be,Steven Logan,37,female,ab023b81-0d5c-4f4e-b780-f5cd00aa79cd,van,1.2581458902546587,3625,28369.985304791197,inactive,independent contractor,9,59.45568614678137
2291819f-e164-49a7-a916-24272adf69a9,Joseph Russell,55,male,35049f4f-291f-4573-9d34-c4b42046a65e,bike,3.914384624646669,3100,5371.483990883716,active,part-time,9,67.09897777741308
,Janice Holmes,39,male,a99588b8-910f-4b7f-a9e7-5deda6504288,bike,4.086901795032675,2748,14848.221910817118,active,independent contractor,4,75.50621779288943
52c812b1-c6ca-4e32-baa8-bcbdd95445db,Heather Castaneda,49,female,0f79a7a0-33b2-42d2-96fd-6b363e5669e3,bike,3.1554982815705266,3704,48493.04818052151,active,independent contractor,12,74.59576222275577
55a32b70-ce55-4df4-8485-2e428f644f38,Lorraine Mooney,56,female,693631e8-95a8-4eda-95c1-53e90807908d,car,1.4600221010316496,1573,14992.399135882946,inactive,part-time,15,96.18738042304152
9134f92a-2fa7-4bfb-bf9d-9d581d574e35,Margaret Potts,27,male,c059039d-0088-4f28-b91f-06909cf4b9c0,van,3.989416386760947,2041,35515.86868439452,active,full-time,19,75.13014664690013
8b945bca-adc7-4ecb-aa74-8318004db6b1,Janice Bentley,41,male,137e7ca3-34c4-445a-8e2f-9681e2e36514,van,4.997402964292443,2427,10372.41867997096,active,full-time,7,61.03270070668781
0c7f03d3-60ac-4aa6-b5fb-77eb7ec18ff5,Randy Robinson,62,female,416e2440-4b2e-403b-b788-55f26f79b221,car,1.361228461557212,1271,42021.99858328296,active,independent contractor,9,58.31129032705927
598bc8e0-255f-4eb8-8780-2646a7563320,Ashlee Summers,22,female,343a9ee3-363b-4da2-8187-8d5a3c7e8bf1,car,3.8162901361476655,1986,33125.36924234417,suspended,full-time,5,78.72622913688686
1969ff5d-6d98-4273-a393-005ef3c47c8c,Paige Logan,35,female,0e32fd73-2202-4f11-bfda-a1c2e5cf171e,car,3.3996245786206525,2950,23446.69572718354,suspended,independent contractor,5,61.57053600947295
b9a39e66-26a1-46b9-8cb2-da6a90e53fbb,Sarah Matthews,58,male,74a4aded-4458-47c2-9b54-7246264e19f5,car,2.7111702315441075,2832,30860.07623948464,active,part-time,5,72.76466033580803
77bc4ce1-a650-4eaa-a607-7a0d2953656a,Jill Rivera,53,female,1217c313-f626-4f3a-b958-e8419161272f,van,4.889606985281917,2075,16779.51192857954,inactive,independent contractor,6,96.71653959514497
b7933d13-8fc8-4a80-acdf-9da549b196b1,Jamie Buchanan,23,male,99e48dc0-aa02-4544-82b7-1e9552c4d58d,van,3.502690914730044,1845,31856.031420359377,suspended,full-time,16,57.478952065903385
fcfd3f06-e35d-4c84-87d9-487065fb3516,Melissa Gallagher,61,female,b3eef325-2741-49e0-8494-f7f1a93b1f63,van,4.553786570944994,3051,14330.734149354028,suspended,part-time,7,89.137003647531
,Beth Valencia,28,male,c0a2b2b5-6424-40ac-9144-afb2f4dd1544,van,4.012007111529436,4967,37201.57399583446,suspended,part-time,8,78.72452009297615
a7744dea-c667-45db-9637-273656e978ba,Amanda Nguyen,26,male,4a05121a-901a-48bd-a49c-05538b3a8c49,bike,4.032303474413928,4348,26728.494232860863,suspended,part-time,3,61.125614015506336
0ae7fab9-12f2-41b4-b2e7-b1171fb4b884,Mitchell May,42,female,d3f5ca2b-0a5d-4d01-908d-014018b9dce0,van,3.1857024230516613,3567,40120.41038852292,suspended,part-time,5,63.63133316148382
,Tyler Powell,51,female,2a3976ad-78c2-42a4-b67e-a2bef4ff3f45,car,2.7902117516169493,2635,27056.90826430161,active,part-time,9,74.53909192268812
4015c845-5beb-4582-a607-53801a471065,John Reid,52,male,2dfba15b-510d-4ae3-a454-047225f6393d,car,4.079822377479303,4150,14703.371121789532,inactive,full-time,4,54.42869983474809
a599a16a-683a-4985-bd97-ddc7a3c288ed,Rhonda Mills,54,female,ca842db0-719e-4f69-834d-5c20a903c9c4,van,2.592751410991048,4349,36287.29296718463,active,full-time,16,87.97819973846892
038d6cb9-8442-40fc-95eb-6d0be5572dd2,Justin Guzman Jr.,34,female,5aaa51f2-b813-4fe0-8639-67cefb815cbc,car,3.0152751358452115,1999,31412.47910154897,suspended,independent contractor,6,54.46360957628456
56fe4569-e4e7-459e-9a30-53beed3a2235,Amber Hicks,31,male,0e1a0e97-a072-4bab-967c-35d131d900b2,van,4.16438400829267,2431,43910.47355554759,inactive,independent contractor,1,87.71867473903389
9d873c54-bf6a-4fc3-9809-9a6292e4161d,Lori Blair,46,male,009592c9-b8f4-4a1d-b156-54c3996627e5,van,2.285075133433014,497,7715.861195155779,suspended,full-time,7,50.10551453176079
31683187-719f-4bb5-9b10-ebde926dbb48,Brian Glover,60,female,5deddbc7-b089-4691-936a-579575d26049,car,1.2562425629738687,74,32500.28793828659,suspended,part-time,7,94.18445917335168
f635af63-4609-4f73-b420-5731fe512fff,Juan Williams,54,male,9cf595af-2cfc-41d8-ad5c-1150d0f272c8,car,4.469927116093071,2596,46687.9870198974,active,independent contractor,19,81.1000883746827
59c34019-a0bf-496a-9969-fec869d4ea1e,Timothy Griffith,21,female,c0095b16-604e-4b8d-a6fc-2f187efae1a8,car,4.932215252349204,963,30786.28195974895,suspended,full-time,18,82.59112669819277
7fa8fff6-4d1f-410b-a0f7-dccb73e93ffc,Lisa Duran,30,female,6a170da1-6f1b-40c8-a957-80ec4574818b,van,2.4351868232224327,2369,3830.233516445115,suspended,independent contractor,15,72.9966965083927
6dd21bc1-4e8e-4c68-bc42-fb6cd069cbf1,Robert Jensen,32,male,a65832b9-2d6f-470e-b455-08e11201f282,car,1.0371858532609033,1312,11684.514437397322,suspended,full-time,4,88.57972096066186
5263a7d8-773e-43a9-80a7-4ae10ac25b94,Edward Craig,30,female,bf79a548-1852-49a6-8f41-1ec84b136167,car,1.9436238600980391,423,13312.634655947246,inactive,independent contractor,19,79.52513757095849
9f6f1caf-39c9-4624-be0a-cd1885c3515c,Tammy Brown,35,male,110b4733-ebd6-4d2a-8d56-49e8b3cad129,car,3.598122382023838,1986,25155.93533490176,active,full-time,6,88.72798903494345
5fbdd598-810c-4ad2-bb5d-0e9d7ea7bd5b,Roger Horton,43,female,ced125c0-8acf-4276-9994-2e853b5ff296,van,1.4329177575654328,2529,45555.93038766141,active,full-time,3,50.06149422292696
1e65c14d-cbca-4a50-8b78-6ab8ec119db6,Dennis Walters,48,male,268e3d64-a24b-4937-bd62-dae02e30a37b,bike,4.925331288908552,1511,32399.564282344963,inactive,part-time,4,63.74205522899285
ccb14581-08ce-426b-891f-29d9e29e295a,Frank Lutz,56,male,38d27271-c407-440e-93d8-7757d483a496,van,4.138291789426539,661,4086.745781189809,active,independent contractor,18,71.48173977215875
0be53da4-dffd-4499-81f2-6bf0031ada01,Alexis Newton,52,female,872f0940-2364-4559-b119-60f189610b06,car,2.0477294379913165,2917,20593.81312089135,suspended,full-time,9,73.7099746957494
33b69930-8a9a-4852-b3bd-70b59963405d,Angela Boone,61,male,01c6f8a1-7e21-49c5-bb9d-360cf56dc9bb,car,2.5665709839537048,2595,24871.273199381907,inactive,full-time,16,60.31795577332432
2965d76b-eed1-4ddf-a189-725f2994291d,Matthew Cardenas,53,male,bd63c939-9627-401a-85fe-0521ba77c4f7,car,3.093683578483467,967,29424.74343273421,active,full-time,8,65.81129838668457
d43461b0-6b90-458a-8045-58d18a97db92,Margaret Harris,28,male,0ec44ac8-613d-4e1f-9ce8-eb116b9d7986,bike,1.16279347370741,3934,45039.1446619593,suspended,full-time,2,81.83435187405281
08108d27-f998-4bf2-b23c-21dd530c882f,Billy Williams,47,female,0947632a-b1e1-47ad-bb8b-f5528f865e77,car,2.708271193153888,2506,36299.06843777428,active,full-time,3,71.32491374496318
c5c54f0f-6558-4340-960b-656054909a8d,Julie Watson,42,male,3734cbfd-7285-417d-a0c6-1469ee744456,van,3.252383851543218,2955,15515.666352293998,inactive,part-time,11,70.43636910849473
,Jill Perez,54,male,f4f1aca3-7cc4-40da-98e3-7deb2cc44b0d,van,2.029284171925496,643,20092.174661197827,active,full-time,13,65.38348440903951
cdcf4c9e-f6f3-4c39-9b17-2c39dff49eb9,Lauren Le,32,female,0ee3c320-7293-4543-887e-56dd082fb323,car,1.9480893900101188,3832,8131.485004441015,inactive,part-time,14,57.55489676375702
5657109c-9c43-43e5-9df2-b39ff4a41c4d,Amanda Nichols,24,male,5bd147c0-aab5-4068-9886-35c79bcb9380,van,3.9831046556187046,411,15427.274798801747,inactive,full-time,16,80.98386998792472
482f1f75-f5e1-4253-b294-85a2ee5159e8,Michael Evans,44,female,33503f53-2f0f-456d-868b-8d36a8a63e39,van,2.884445714499207,1380,31119.50208961309,active,part-time,18,67.59689813061482
68cc4fc4-7734-4733-8551-15d695aa53e8,Zachary Lewis,31,male,82acbb38-3ad1-47f0-a7b0-adc2bf6876b3,bike,4.113033594283222,1543,1085.02915008436,suspended,full-time,19,90.48643968264032
ab7907d4-287d-473b-9e40-f226930740f5,Susan Stewart,30,female,e5cd5f53-cafb-4d1a-a85b-f57465f783b8,car,2.929029991823748,1474,37294.63981434979,inactive,independent contractor,8,65.6718291449446
ea94aa61-7f48-470c-a277-7dbbf7c12baf,Ashley Rivera,61,female,65ae6af7-4034-4691-87a8-6c0ba7f8de45,car,2.148203108289363,3419,49883.051166042496,active,independent contractor,13,58.30824024705857
2095b642-35df-48a5-9154-8f0e1f1f429e,Briana Hill,57,male,8de6629f-4297-4d30-8fff-9134f0f81a6a,bike,2.8605178088921117,4424,2974.1720909787887,inactive,full-time,16,69.43128000620295
f663f0b5-55a3-4c9a-895e-46f3ea281bb8,Tricia Lee,37,female,3137597d-f4f1-479c-8d15-b65f318d0573,van,3.2345911759468096,1239,28214.74179443032,active,independent contractor,17,78.2957970309041
2ee2cd08-c5dc-45c4-956a-84120d88cee8,Amanda Frank,50,male,50a70f0a-3076-4996-a49d-27fa784de6f6,bike,1.9536952403524344,1300,28221.520959363104,inactive,independent contractor,10,59.8723954115728
,Alejandra Harper,62,male,5ae06d0b-372d-4b0b-a350-b3dc48ea8ef7,bike,1.6438599993495475,306,22865.563267359823,suspended,full-time,8,74.20244493783733
3a5a5e4c-2971-4417-8f42-056025428282,Ryan Gonzales,23,female,6148a627-0272-4d46-b797-b443d88c9572,van,9.225459257315103,4027,21740.387647812266,suspended,independent contractor,18,65.09318474536948
34c0ea6b-52c7-4e2f-a830-1dcd8dd21468,Susan Boyer,59,female,6261d6ce-dabf-4308-bdaa-a4ce89649311,bike,2.030766033542874,2809,6247.280993787535,inactive,independent contractor,9,63.35968164564491
6ad5b9bb-90e2-481c-af67-fc1ff8ea0c59,Donald Porter,50,male,40cd59aa-764a-42ad-9cca-d7f6b3c47bfc,bike,1.3232697375652265,1953,3751.916457327357,inactive,full-time,2,99.19245028649016
5ac12b5b-3151-4c73-9750-09dcacfc3b25,Maria Elliott,30,male,5c014828-c9ff-41bf-9759-d6b0a93e265e,van,1.09381142335691,1088,37112.653001880426,inactive,part-time,12,90.63163538886153
8e901bc9-dd96-4cf4-b712-0f4eafc2143e,Melinda Sanders,42,male,8e901782-18fa-4b02-97eb-56c671dd7099,bike,3.623829543309088,4359,27370.194210512516,active,full-time,1,82.39614537620047
b0691d22-5445-4198-afa8-5d3022b6f26a,Danielle Washington,49,male,a9d709cb-4dd9-4f7d-84d8-48aae8222f10,bike,3.8394538026746927,747,30143.625817030228,active,full-time,7,87.1529401711845
dd77e06e-2d5a-4465-885e-b56b35bddaff,Joseph Morrison,51,female,a2ae3a2d-85b5-4745-a800-8afa67cc791e,car,2.209910800739628,156,20315.8818746265,active,independent contractor,11,69.88002960003084
e920f5c7-9a2b-4b02-9718-ed0931614a30,Kayla Willis,41,female,8397907b-866c-404e-8cd4-8aaa4f6d0fb7,van,3.8734017730878154,3610,47033.47041700941,suspended,independent contractor,10,63.05377339437023
a441788f-4f3a-4711-8309-a2cf7759d45f,Michael Gross,23,female,8684619b-61ee-4bf4-a3be-b4fc5f82489f,car,4.673800322176439,1980,15348.807160914515,inactive,independent contractor,11,59.41421996078658
783470c1-3fd9-4567-8e4f-fbbe1c873365,Amy Hill,24,male,c99ed563-fc0e-4307-be52-07f70a0a875d,van,1.386238681808964,2050,32586.89031254448,inactive,independent contractor,9,64.80740284733659
a88c020c-0dce-454d-acc0-7a87ce1849de,Ashley Brown,60,male,796f53fd-1968-4773-9830-07ec494033aa,car,4.9710251962704985,2286,30804.76092673486,inactive,full-time,15,67.612011793985
,Abigail Winters,53,male,5ebefcb8-9909-4f43-a458-66f1c10b30a0,bike,4.982103974364384,2364,37123.94336184613,active,independent contractor,19,81.46403717478793
5ff3faa1-b3e6-4c26-9586-95d0f6a740ac,Joseph Hernandez,62,male,3690d91a-49f7-4db8-b253-ee43449fa0a4,car,1.0507204077114598,4027,26495.49622505197,suspended,full-time,9,86.90356274259082
83f28472-00b5-41ec-8f64-0b68cddee8ce,Amanda Miller,38,female,f4362403-b979-4d3c-b3f9-5440710888a9,van,1.0521877216183606,216,38121.46453123582,suspended,part-time,16,73.40426332990506
9d33dbde-9153-425e-b240-eef6d89f1c5d,Michael Compton,29,female,8f47f8e1-71e6-4ce6-a3be-d6c1bbd0f9a6,bike,3.0512306488106,4417,38507.3750277903,suspended,full-time,11,63.4484177672083
226a0ec5-6e31-4de4-aee6-147c4670f1a1,Jacqueline Dudley,49,female,32a69170-32a0-4e50-b10d-ed304fef9e59,bike,2.8363822112374204,2171,9501.115616394249,suspended,independent contractor,11,88.79991255817271
bbcf423a-b4c5-4f97-9f23-a7233f1ec1c0,Amy Chavez,48,female,f9c68029-b651-4f81-a70a-e109d923a088,van,3.571104584114446,4906,14822.170557300791,inactive,full-time,14,78.76386073535427
8127418d-e75e-4f82-a5b0-0d1cdecac55c,James Salazar,24,female,aa72ded1-5e8e-47c3-ae75-985a57517f90,bike,1.841569914844913,1976,3901.111947152951,active,independent contractor,15,90.54381829562246
1e5a9336-fd85-4489-9df7-b2a250c98a78,Lisa Johnson,33,female,359af5b5-a0ed-4038-9248-4762ede69ba7,van,2.82983000180802,1753,37000.84306761851,inactive,part-time,11,94.37689269403938
d6ec7726-e8af-4c17-8704-7492287c3650,Joshua Ball,49,female,09a12f9c-00e5-43da-bd5c-a969a83ca346,car,2.808197261158459,4170,33191.91309109643,inactive,part-time,1,62.875090506313285
afb54ca2-623d-4404-927b-e1966f84f9ee,Elijah Brandt,38,female,7ba05504-27e9-416f-8818-326b64adebe3,car,4.216401093696924,928,11692.73215335529,active,part-time,16,80.77157387810121
808f51c8-ee52-463e-a1f5-9434bac405d2,Brittney Hicks,45,female,3098440f-a4ef-4779-a228-95d56983036f,bike,4.604566891132591,1518,31160.189248800038,suspended,part-time,16,95.78780101507638
201b890e-d5d6-4b0c-a7a5-ee10a92d5aec,Ashley Hensley,30,female,8da6b9a2-9c14-43d2-8665-ba3bf3c69f21,bike,7.243457747443393,4044,12054.773519978964,suspended,independent contractor,19,93.84912227074032
a6b01e18-ab39-4bcb-8075-8177f3a63efd,Adam Cruz,26,male,7a583739-ebe1-48e4-8926-94ebfffbe245,car,3.008461186326991,2134,49768.81068166218,suspended,independent contractor,9,52.9474787502972
51601904-eaf6-43ba-989f-450498260269,Melissa Chapman,35,male,f59a04c8-33d9-4873-86bb-080f8ecf5b77,van,4.498531096978535,1736,39125.320586613925,active,part-time,3,96.93735445596828
96ee2d28-e9a8-4636-9a99-9750cb8eea47,Nicholas Graham MD,36,female,02d4c1ae-a9b4-491a-9f6d-0ba687677b89,car,1.6660835078048255,1803,18721.834264931524,suspended,part-time,9,82.1708139525162
5550e7a5-62fe-4fc1-b9a0-0a16a6c2daa5,Sandra Marshall,53,male,208b6f59-8e67-43aa-9b9f-ad56dc550eec,bike,3.44344843829366,4983,7592.757521530436,inactive,full-time,9,89.18407364894696
71fbb52d-5528-48b0-a471-c0eacac3f081,Aaron Miranda,55,male,d69593ac-2bee-4c92-9d19-f1a0187a16b8,car,2.8174440944005874,1699,1765.8328894156134,inactive,full-time,6,62.4577092552312
74338ae6-c058-4799-b77a-0e826fe432dd,Trevor Morrow,63,female,5e367e5e-b9e7-442b-9231-9df68305ea56,van,3.437311257318627,433,5262.218527685977,suspended,independent contractor,13,69.36182515164526
5ada30d2-bafb-4816-af9b-dc0d20ea6274,Anne Ferrell,45,male,deda9d4e-94b9-44fc-97f5-f34c68f43c75,bike,1.667712547704424,3959,19160.65862500752,active,full-time,14,72.07765074742309
f8d0d9ff-b9ac-4bcc-9c45-f68eacbf08d1,Alyssa Coleman,24,female,4c8ab3f4-8951-468a-b782-494dbcc78a7c,van,1.021058937862196,4459,26325.887531360127,suspended,part-time,4,73.64663604306516
54b49c6c-9360-449e-86e5-30bacbd06db1,Sara Nolan,53,female,fd3262c7-5d72-4b78-80c3-fd4ca9a370ba,van,2.8399092149628222,4368,4592.663292417935,active,full-time,4,70.40104080195474
48df407e-9e16-4ea1-be60-48382a856add,Jeremy Hamilton,56,female,8dd35793-02b3-4820-bd8b-e1a7e8516912,car,7.162775345868264,1509,8049.197504577354,suspended,independent contractor,11,95.46701050018784
51c4d58e-446e-4d88-9fc9-0459d0020598,Phyllis Weber,54,female,7a2860bc-e275-4062-874c-132a782c1824,bike,2.1418072753548416,1951,23669.783779182788,active,part-time,17,69.46479910536937
7bb1a5c0-a024-4e01-8fb8-b729e0d4ac6d,William Palmer,44,female,28c60b5a-55ef-4169-b872-6b726084a684,car,2.270337955821592,2933,43391.13067187114,inactive,part-time,13,83.8755279714593
67fa4e9d-3089-4c4f-b621-92e001762eeb,Emily Lucas,29,male,49088f17-00c2-4649-ad51-15ec3d0c7e46,van,4.870265388625606,2536,18689.48980872792,inactive,full-time,17,92.4021271800746
9dbab659-8ee5-4c50-8252-6057d5d2171b,Kimberly Arnold,42,male,6fc3b856-845d-45a9-9c19-3272916f9d8c,bike,1.3941679560666187,1825,1874.784741579154,inactive,part-time,9,76.02912016522207
75f279f8-0635-4111-884d-a85963d45137,Donald Heath,59,male,5c21907c-0577-4211-8ef2-a1b2a0e1be31,car,1.2975670567679334,3735,11094.287243894822,active,independent contractor,19,59.01381980657042
7fc3f2d4-7d36-4e61-939d-e6ae3c18254b,Manuel Brown,39,male,81760859-b86f-4b4f-8d89-1cb9add2c514,bike,2.2186850969839704,2411,13394.221648286017,active,part-time,5,81.46605041283091
888bebf4-06ac-4b71-a664-f85399157eb9,Pam Flowers,33,male,85f94607-5ab2-4363-ab4d-b642a52331a5,car,3.688623506990543,396,19492.67476015016,inactive,independent contractor,10,60.1221030070297
8b97096a-4428-4174-b387-6ecdd8f2facc,Savannah Greene,48,male,4b51e6d2-d879-45c9-bff5-06fe09c8a548,van,1.0246429171355853,4699,32523.413581007782,active,full-time,4,59.64103709985025
a369bc1d-7898-466e-9740-586b1f9e02a8,April Smith,53,female,c4a5765b-8e72-46de-a51d-4cdb2e2695b5,van,2.372747471497438,1122,24382.043933814653,inactive,independent contractor,9,91.77754244031608
,Edwin Valentine,52,female,f0088272-32b5-4a56-a11d-44daf3618f92,car,2.741997455202862,3250,42575.41579096788,inactive,part-time,19,64.90981281923013
2fe22c4d-e316-4f6b-a8ee-51c15feb74bf,Jennifer Burke,50,male,0952503a-4e5e-460e-a25e-815ad827b1bc,van,2.486018387044324,3626,46051.280049855726,active,part-time,16,72.82248285326095
c8a88c98-e635-44d9-b745-04bf7e1b46fe,Rhonda Hester,42,female,5264cf6e-c3b0-435d-8849-b8af52ef0ba4,bike,2.9525326761480457,4646,5157.412355561485,active,full-time,1,96.60667551247803
34838273-bfab-43f9-bec4-1c68e7af2ef9,Mallory Hayes,52,female,ad6f56c6-ed6d-4db5-af9d-c5abc160fe64,bike,1.3859308036182785,3759,1331.714552274381,suspended,independent contractor,18,73.3584428615543
57f18b98-5098-4c46-bcf1-55e4f5339659,Charles Rowland,24,male,7f9df18f-9bad-42ba-9c0d-92b98bc60a56,van,4.055340780756822,3648,22673.653221253662,active,full-time,16,58.15125943816431
e263a86c-4e8d-4f0f-a1aa-575165ffa8f3,Bobby Butler,63,female,8aa5f880-1139-452a-8b00-2d7faa66e313,van,3.606837930905555,4314,8270.417348348608,inactive,independent contractor,13,55.37746036037785
c891dd15-a700-4fa2-a1a1-e9370d3bde69,Sally Butler,63,female,928e4b07-0957-4fb7-aa36-4923d478ec82,van,1.002957302801545,2322,8921.434877801059,active,independent contractor,7,65.44181456318479
8939a4af-16e3-40fa-9a31-1dbfe69f879f,Timothy Hale,60,female,490a31a2-ac84-4150-8b2b-bf18603e47f3,van,2.584283641563063,3724,27745.196589565254,inactive,independent contractor,5,55.43797832350821
ee6104b5-b7b9-4700-91b2-ea2f20f90d6d,Michael Davis,53,female,cc4df8d8-3f26-4172-b497-850a984fa877,van,2.48974475913216,2443,20370.110495140743,inactive,independent contractor,17,79.86588720718194
0911291f-f0c9-4bce-9244-260d84aa759e,Logan Gonzalez,43,male,544030a3-ac00-4bc9-9d95-e7cb661c951b,bike,4.452568823082801,4599,43304.57369603535,inactive,part-time,13,70.91717675513476
b010a60c-494f-4170-a3e5-6a0953fa8b69,Joshua Flores,27,male,651a5521-250f-4425-a76b-282e356681c7,bike,2.566689592805353,4352,38475.78722445112,active,independent contractor,9,92.16116751093192
fa247600-db42-4075-b55b-7276a82cce28,Maria Hodge,50,female,c16da9a8-ae9d-4bcf-9f46-79a33c62605e,car,8.610393446257367,1052,47868.32440039868,active,full-time,14,75.2953361626834
f0dcf3d9-724e-411a-9ff3-749f09a0dc43,Erin Mack,61,male,9fa28209-11d1-463e-adc6-9d1bcfbd4aae,bike,3.5327457823876163,2069,7250.001656688727,active,independent contractor,1,68.38818887559496
7eac6077-3b0a-4230-8558-6c383cc8f62e,Jason Robbins,33,male,d7438e5f-4a81-41a9-8dbf-76219a042145,bike,1.180770326566868,3150,22367.83006786372,inactive,full-time,4,61.93656392770048
46b42bfc-7d2b-4fb6-8c95-cb02dfb326b6,Joyce Duncan,42,male,8f426e07-ccdc-4af0-9fda-93856ef32e82,van,4.990748350127884,2278,3294.0607192300217,inactive,independent contractor,18,71.5926820490854
84c83a34-e90e-456b-8ade-6976635c60b2,Javier Wheeler,49,male,47ad91bc-8914-42a9-9343-bba78b6189ea,car,2.5270706155356013,3175,14455.152186873032,inactive,part-time,16,57.85449514392032
a3311912-00c2-4fa0-b28e-37bf8c0b2d26,Douglas Hogan,64,female,e147ca6e-d522-4d81-8218-e5626b44c92e,van,2.894359720341697,1850,2288.272051914045,inactive,part-time,5,81.98263237932758
d7bf7ea6-192b-4b17-9412-6d59750bc1b9,Jennifer Williams,31,male,0aeede1d-b29b-4f72-9745-242a4ca7f0f7,van,3.1116056189219043,3708,8301.649352970871,inactive,independent contractor,13,76.8451420180086
bc29900a-617b-49b8-bacd-8258cb037350,Nicole Brown,24,female,f4189166-0252-4618-aa48-163aaae9a376,bike,7.850409557217259,3888,35708.80951581229,suspended,part-time,18,83.53151088287606
27b64678-eb70-4561-852a-04598de22460,Emily White,29,female,c6b3d7a7-aec4-49c3-aab1-3d7600014111,bike,1.195621311757539,788,1907.8006446364063,suspended,full-time,6,52.96773267065303
59586f88-89b2-4344-bb0f-1cfdc460239b,James Green,64,female,d04c4459-1a05-49d5-9caa-1da9f94ffeb0,car,4.4327583559012895,744,17150.54712590483,suspended,part-time,4,69.0307221212113
5699a54f-7a33-4d2a-81bb-2bd633e281b2,Clifford Simmons,61,male,e64563c3-07a7-4fa6-8966-4df2291babfc,van,1.021130120483559,4161,2150.17604317944,suspended,independent contractor,15,66.16138724291986
690c4111-7971-4891-9ae9-d8ea5cf1fac4,Carla Torres,36,male,a2a661b2-80f0-4323-a0fb-1fc70d252197,van,1.8492204829457133,3732,26553.10724302652,active,independent contractor,14,92.1575884281506
20004f43-81e0-42ff-a27e-5236138dae4d,Patricia Jacobs,60,female,6f2958f3-2981-4347-8e35-8d6b732ec438,van,4.292424070533285,4575,5760.4220703642495,inactive,independent contractor,2,72.45630238794409
e325c554-c785-4d62-81c1-05f9e6bcc9f2,Morgan Lawson,46,female,790cfe41-1e88-47f5-9691-a0edb99224eb,car,1.6094289311943042,4171,36029.17200236096,active,independent contractor,8,58.02567825423196
69827975-1036-4e86-b34d-62ef83d63311,Courtney Williams,32,male,9748a5f7-9fb8-43ed-8a9f-d6bedb992827,bike,4.8184216726380455,1969,4619.037354898444,active,full-time,14,54.86023605048243
52773b48-0568-47d6-8f3d-ad4d6b960c1b,Shannon Vance,56,male,cb85c89e-6064-47e0-9996-57e489751102,van,4.284634144290127,2743,48638.36176620708,active,part-time,6,78.16390055098148
037958bb-e97a-4c40-8bd7-498e69459c6d,Peter Knight,44,female,ae38cb71-2280-4b3e-9cc8-325d5ff19ec0,van,1.46056164796761,1797,24811.302043027037,inactive,part-time,4,71.06054724465369
59efe10a-8952-4140-b366-12dcd4e25142,Susan Anderson,51,female,2afc10d6-192f-46e7-aed7-fa20ac2548bb,car,1.4855178337944364,4218,44642.93136123864,inactive,independent contractor,6,50.46635499404079
f7c1e070-1f79-44c6-b729-49d9ea39b51b,Christie Williams,58,male,ae1d9cfe-21c9-4e2f-abed-56fc1fc426de,van,1.607210349141492,4711,46974.45228892949,active,full-time,11,82.02072461747761
9c508471-cc9f-4a75-bf4b-0eaf1c65d34b,Brian Huynh,34,female,718b1531-6079-4240-aea9-39c57aa2ee64,car,4.456520782028028,1519,18764.847918564086,suspended,part-time,8,74.46932759894452
58bc8b64-9d93-40ec-b160-8c88018024f3,Kevin Anthony,21,female,f1237463-7223-4c3a-b64b-c3823b3dbc44,van,3.831070384181439,581,17281.21343575194,suspended,part-time,3,90.28305090889008
8568b697-b247-4b85-95b0-c64616542c3c,Vanessa Freeman,52,male,4ef3367c-7dc9-4058-8fe1-c5218e82d79b,car,4.438793264174543,4319,27704.561890445617,active,part-time,11,67.4659994269162
2c0f55dc-fb95-42cd-b4a8-825250fbc40a,Emily Moore,48,male,e0d512d9-32ec-40c9-992d-1a87a07f09df,bike,1.5590535704153874,3518,48056.35044596128,suspended,independent contractor,6,61.688799608299576
f03963c5-9b90-4418-853d-14f89b747e1c,Kenneth Castillo,25,female,72943297-0c7c-487c-8af0-d8c908c94e64,bike,2.4908889813645816,1327,11564.088187570558,inactive,independent contractor,17,61.09059500353241
,Nicholas Hansen,24,male,977832be-aa85-4059-bbc4-bd9218894309,car,2.292313579297967,3642,41731.70693880968,active,full-time,16,98.9050610039103
79c380ac-9f62-4cb7-b170-22d11692db77,Michael Reynolds,52,male,ffd9109c-2237-46d4-9123-14e4f8020445,van,2.6415301346382685,2029,16431.55992433479,suspended,independent contractor,12,79.58147474220212
08fd0a05-57d6-410d-88e9-1ee3753e7844,Benjamin Jenkins,53,male,9cfc758f-aeef-4f48-a62a-428b232b3aab,bike,4.4744172487134914,2637,35774.56127518741,active,full-time,15,81.99756018337084
badc423e-7e7e-41a2-b2aa-9f51c7c20317,Jodi Gonzalez,48,male,3eb15f53-1e53-4fdf-9569-52f401f237cd,car,3.8830430490984296,3229,13465.252768828565,active,full-time,13,58.78080708941674
,Linda Smith,54,female,f749e2d4-6f24-4683-ba28-7ea1b4004afa,car,1.4598656447278835,928,37365.8648935463,inactive,part-time,15,53.61062419029632
,Jennifer Lee,61,female,2eef9051-701c-4d8a-86c9-109e01b37574,car,4.459984346229451,1730,28565.107010571133,suspended,full-time,19,72.24652571766777
3bf7eb39-dc4d-4ff8-8760-4d91d429ee80,Tiffany Nelson,60,male,ad2a2396-a917-4501-9a3e-ee8e3a963573,bike,2.643896332332137,3275,30895.743872140418,suspended,full-time,6,78.98948353469325
0b5eca1c-9480-4e54-905c-f75a2de7fe68,Kyle Wang,25,female,8bcbf3e3-f7f0-49b3-93d6-404d8f0f2635,van,1.735929940487591,1500,21055.911973288697,active,part-time,12,76.67346119044772
,Cynthia Trevino,35,female,1cf763ce-a896-4b22-8b21-0b1ef1cd5479,car,1.5839933933426569,1814,13020.532697119394,suspended,part-time,8,86.79788817628813
7fd65e8c-1e12-48ca-b10e-5b8753b6bc1b,Christopher Watson,36,male,4d874222-8774-4549-9da9-601350aff7da,car,2.483033430986086,2810,32143.423574734563,suspended,independent contractor,7,70.78363117169035
f2c27403-9a59-414c-8028-c6e080462df1,Melissa Burke,42,female,733a2c53-9126-4139-95d8-509f89a1d575,car,2.696297450715423,2593,30662.450779535346,inactive,independent contractor,3,86.67913781237762
4ad79c61-9a83-4c40-ae1b-d9e8dfa65db9,Dr. Dave Hart,33,female,b990144d-406a-4f7b-818e-b3ea006fb5ec,car,4.35211154794127,973,25441.184840350303,active,part-time,1,91.96830075832608
d8b4b190-1147-41a6-9167-d7ecd824d6a8,Emily Flores,28,female,4c9b3cbc-d7e2-48b6-b250-441ba8a8ef69,van,2.9617729811670017,4278,20444.153151179464,active,independent contractor,7,71.09691389204714
f3368c3e-3e94-44e8-9d97-c7145c2de304,Elizabeth Davis,23,male,2f8868db-3b00-4d76-a9ab-18d169188904,car,1.4555375840895408,3962,44486.103337754445,active,independent contractor,15,99.47144112190264
,Marie Johnson,32,female,a2fb5ab4-bc71-47a1-a731-cd4037748782,bike,4.05144442346062,3101,15880.28304785804,suspended,full-time,7,74.49185517111644
d856591b-545b-44c4-9432-4f87419026e9,Chris Brown,35,female,4e5f7d41-31a5-47a0-97c8-e64bfd5e9751,bike,2.0979509133045635,2360,44976.77107900766,inactive,full-time,19,71.85321434327882
28519d45-46d1-46da-9ee7-8c8e5a180a6c,Adrian Ryan,25,male,7e8c5803-8ab5-455f-af0d-93a1e9a67ab8,car,1.7340956295297554,3272,9481.318551317554,active,part-time,12,78.19278746418709
037210dc-c255-4864-9c6a-2a6f7a5c34b1,Stephanie Jones,48,female,288c4f0e-84ac-4d75-94f3-5a9323bd8d66,car,2.0675071009900363,670,19547.708450013197,suspended,full-time,17,63.77422841224722
bc218a72-8aad-4cc9-9dfb-b3a960e17eea,Garrett Rojas,42,male,a78a0a80-49fc-415a-a29f-2447f4076ac1,van,4.972659695140097,1277,19191.49712466565,inactive,independent contractor,7,80.12715011865971
56592f56-2e08-4bb4-9f9e-7e2691cf1e93,Diana Wall,59,female,c3b89f59-f129-4c4c-ad6f-e02f64c515f9,bike,2.159337328652273,616,49801.39156734921,inactive,independent contractor,1,65.55604986385744
d919c1c7-f570-4a2d-afb8-2cd8c92a03db,Christine Owens,50,female,6fdac718-d233-4198-bdcd-e4111d12bbc2,car,1.5842752236200277,1051,41884.73068954812,inactive,part-time,12,52.93282017496458
44599627-f31e-4546-8283-478aa76bb419,Jenna Ortiz,49,female,2a1060af-fbdf-4b0c-803f-c6cc79ec85fc,bike,2.910724248747804,59,27303.83129519546,active,independent contractor,9,93.17229302812063
9caec766-339d-4a58-8394-f8145185e3af,Christie Fleming,46,female,4fe56aa2-59af-442a-a2f5-6af59d9e9ec2,van,3.7285910110224942,2531,27193.440570252336,inactive,full-time,14,70.57129536724716
ebed9231-a15b-4c4d-934f-f4fcad28690d,Walter Davis,42,female,97ad9f02-8e48-4e86-93fb-0573119342e5,van,1.3732509325361293,2615,21283.575936020057,active,part-time,8,79.88958606345848
609b6f75-c411-4dfa-add4-d53a89c555b4,Laura Walters,36,male,2d4ebc97-fa1b-48f2-ba3a-ad99c7a89399,car,2.275595293212067,4835,24273.97745448872,active,independent contractor,6,63.63188561550889
e3d91543-4792-4ad8-83a3-24b9ba42cac3,Anthony Wright,21,female,161b3dd1-1cb1-42df-a72c-4e9225012d55,car,4.025107634314198,4197,38312.00640516808,inactive,part-time,3,71.13977006196451
87b5bb27-5f53-4bcb-b23b-61e5f509eb74,Chelsea Thomas,36,female,2b3a34e1-88f2-4460-8187-4c130abb8977,van,2.276026513497421,3669,14962.630623748018,inactive,independent contractor,10,58.90674121384923
6f0e959b-24f3-46a2-8b8b-bc9eec6df58f,Patty Cooper,60,male,7e32d360-f894-446d-abfe-b69a48b8c832,van,3.484605398558713,4356,16881.322867392253,active,full-time,2,78.01937250894528
6d67b7ab-f759-4671-9149-2b7d15047bcd,George Ramirez,47,male,fd0fd0c5-22d0-419f-a101-acd59d12f9c0,car,6.664761259955157,177,48667.286141509445,suspended,independent contractor,5,81.70502511434066
38d32232-cfa4-4d16-8521-a9667c154df2,Karen Peters,38,male,a700140a-c88c-4c6a-87ab-c49e00c0f8b4,bike,4.497203693067042,1036,16663.06802615658,active,full-time,8,79.20952722159318
78519af2-f439-483f-9f13-b07a62edc367,Kelsey Ball,28,male,1f2bfbd8-14ae-4667-a1a9-a1029e11b217,van,1.8702564938532176,2976,38430.89119842873,suspended,independent contractor,6,85.6821434248071
7889c6dd-163c-4567-bffe-f24f2bc0c931,Tyler Alexander,53,female,9107532d-968f-443e-b59f-027934c31354,van,4.441296365472151,4068,19615.3169211702,active,part-time,19,88.77649608939095
0bd1d467-64ad-47c3-ab1f-5ff17015acd4,Stacey Patterson,59,male,d06f6652-4f54-4544-8eae-011b73279a39,bike,7.860022816822026,1424,14718.20882970412,suspended,independent contractor,12,59.52804248765942
